,Date_Time,ODBA,X_static,Y_static,Z_static,X_dynamic,Y_dynamic,Z_dynamic,Label,Prey
0,2017-03-27 18:56:25,0.0232373,-0.346847,-0.91752,0.123504,-0.0125533,-0.00048001,-0.010204,Feeding,Shrimp
1,2017-03-27 18:56:25,0.0233413,-0.347159,-0.917312,0.123712,-0.00834133,-0.004588,-0.010412,Feeding,Shrimp
2,2017-03-27 18:56:25,0.015696,-0.347524,-0.917156,0.124076,-0.007976,-0.000844003,-0.00687601,Feeding,Shrimp
3,2017-03-27 18:56:25,0.0197507,-0.347889,-0.917104,0.124544,-0.00761066,-0.000896003,-0.011244,Feeding,Shrimp
4,2017-03-27 18:56:25,0.035872,-0.348097,-0.917,0.125169,-0.0113027,-0.00879999,-0.0157693,Feeding,Shrimp
5,2017-03-27 18:56:25,0.0405533,-0.348201,-0.916896,0.125951,-0.00729868,-0.012804,-0.0204507,Feeding,Shrimp
6,2017-03-27 18:56:25,0.0337427,-0.348305,-0.91674,0.126888,-0.00719466,-0.01296,-0.013588,Feeding,Shrimp
7,2017-03-27 18:56:25,0.0213334,-0.348305,-0.916636,0.127825,-0.00719464,-0.005264,0.00887477,Feeding,Shrimp
8,2017-03-27 18:56:25,0.0324094,-0.348148,-0.916532,0.128711,-0.00345198,-0.005368,0.0235894,Feeding,Shrimp
9,2017-03-27 18:56:25,0.0481708,-0.347887,-0.91648,0.129336,0.000186687,-0.00542,0.0425641,Feeding,Shrimp
10,2017-03-27 18:56:25,0.0667854,-0.347573,-0.91648,0.129908,0.00377338,-0.00541997,0.0575921,Feeding,Shrimp
11,2017-03-27 18:56:25,0.0942121,-0.347156,-0.916532,0.130376,0.015156,0.00243204,0.0766241,Feeding,Shrimp
12,2017-03-27 18:56:25,0.132787,-0.346739,-0.916688,0.13074,0.0225387,0.014388,0.0958601,Feeding,Shrimp
13,2017-03-27 18:56:25,0.171317,-0.346165,-0.916896,0.130844,0.0258653,0.022396,0.123056,Feeding,Shrimp
14,2017-03-27 18:56:25,0.182652,-0.345644,-0.917104,0.130896,0.025344,0.022604,0.134704,Feeding,Shrimp
15,2017-03-27 18:56:25,0.178339,-0.345227,-0.917312,0.131,0.0444267,0.011012,0.1229,Feeding,Shrimp
16,2017-03-27 18:56:25,0.162789,-0.344757,-0.917728,0.130896,0.0478573,0.007528,0.107404,Feeding,Shrimp
17,2017-03-27 18:56:25,0.170949,-0.344288,-0.918196,0.130635,0.055188,0.015896,0.0998653,Feeding,Shrimp
18,2017-03-27 18:56:25,0.159457,-0.343611,-0.918664,0.130217,0.0467107,0.016364,0.0963827,Feeding,Shrimp
19,2017-03-27 18:56:25,0.147709,-0.342725,-0.919132,0.129748,0.0458253,0.012832,0.089052,Feeding,Shrimp
20,2017-03-27 18:56:25,0.143809,-0.341788,-0.919496,0.129175,0.0409879,0.017196,0.0856253,Feeding,Shrimp
21,2017-03-27 18:56:25,0.128053,-0.340851,-0.919808,0.128705,0.0322506,0.017508,0.0782946,Feeding,Shrimp
22,2017-03-27 18:56:25,0.100544,-0.339808,-0.920172,0.128236,0.019508,0.017872,0.063164,Feeding,Shrimp
23,2017-03-27 18:56:25,0.100179,-0.338765,-0.920484,0.127871,0.0184653,0.018184,0.0635293,Feeding,Shrimp
24,2017-03-27 18:56:25,0.0687212,-0.337567,-0.920848,0.127193,0.0094666,0.014548,0.0447066,Feeding,Shrimp
25,2017-03-27 18:56:26,0.0415786,-0.33616,-0.921525,0.125787,-0.01544,0.0113253,0.0148133,Feeding,Shrimp
26,2017-03-27 18:56:26,0.0632254,-0.334805,-0.922359,0.124172,-0.0323947,0.00825867,-0.022572,Feeding,Shrimp
27,2017-03-27 18:56:26,0.0991547,-0.333503,-0.923244,0.122713,-0.0375973,0.009144,-0.0524133,Feeding,Shrimp
28,2017-03-27 18:56:26,0.135089,-0.332304,-0.923869,0.121724,-0.046596,0.00196934,-0.086524,Feeding,Shrimp
29,2017-03-27 18:56:26,0.154496,-0.331157,-0.924441,0.120995,-0.0477427,-0.00135866,-0.105395,Feeding,Shrimp
30,2017-03-27 18:56:26,0.166301,-0.330115,-0.924909,0.120525,-0.0526853,-0.000890666,-0.112725,Feeding,Shrimp
31,2017-03-27 18:56:26,0.154445,-0.329229,-0.925377,0.119952,-0.0457707,-0.000422666,-0.108252,Feeding,Shrimp
32,2017-03-27 18:56:26,0.146372,-0.328448,-0.925845,0.119275,-0.0426519,0.00394533,-0.0997746,Feeding,Shrimp
33,2017-03-27 18:56:26,0.135088,-0.327667,-0.926313,0.118441,-0.0356333,0.00441333,-0.0950413,Feeding,Shrimp
34,2017-03-27 18:56:26,0.123652,-0.326885,-0.926781,0.117556,-0.0325147,0.00488133,-0.0862559,Feeding,Shrimp
35,2017-03-27 18:56:26,0.108416,-0.326,-0.927249,0.116567,-0.0334,0.00534935,-0.0696665,Feeding,Shrimp
36,2017-03-27 18:56:26,0.0893319,-0.324853,-0.927769,0.115316,-0.0384467,0.00976936,-0.0411159,Feeding,Shrimp
37,2017-03-27 18:56:26,0.06994,-0.323603,-0.928133,0.113909,-0.0396973,0.0179333,-0.0123093,Feeding,Shrimp
38,2017-03-27 18:56:26,0.0764747,-0.322092,-0.928601,0.112035,-0.045108,0.0184013,0.0129654,Feeding,Shrimp
39,2017-03-27 18:56:26,0.0885973,-0.320633,-0.929069,0.109639,-0.0465667,0.0149693,0.0270613,Feeding,Shrimp
40,2017-03-27 18:56:26,0.0938053,-0.318967,-0.929641,0.106669,-0.0482333,0.0116413,0.0339307,Feeding,Shrimp
41,2017-03-27 18:56:26,0.110969,-0.317248,-0.930265,0.103648,-0.042152,0.0161653,0.052652,Feeding,Shrimp
42,2017-03-27 18:56:26,0.124135,-0.315373,-0.930891,0.100783,-0.0401267,0.0167907,0.0672173,Feeding,Shrimp
43,2017-03-27 18:56:26,0.144684,-0.313393,-0.931516,0.0984387,-0.0421067,0.021316,0.0812613,Feeding,Shrimp
44,2017-03-27 18:56:26,0.137673,-0.311257,-0.932089,0.0964587,-0.0364426,0.0218893,0.0793413,Feeding,Shrimp
45,2017-03-27 18:56:26,0.130873,-0.309017,-0.932767,0.094376,-0.0307826,0.0225666,0.0775239,Feeding,Shrimp
46,2017-03-27 18:56:26,0.108729,-0.306777,-0.933496,0.0921893,-0.0252226,0.019396,0.0641106,Feeding,Shrimp
47,2017-03-27 18:56:26,0.0943386,-0.304797,-0.934433,0.0898973,-0.0233026,0.0125333,0.0585026,Feeding,Shrimp
48,2017-03-27 18:56:26,0.080672,-0.302713,-0.935527,0.0872413,-0.0175867,0.00972664,0.0533586,Feeding,Shrimp
49,2017-03-27 18:56:26,0.0701746,-0.300787,-0.936464,0.0850027,-0.0195133,0.00286399,0.0477973,Feeding,Shrimp
50,2017-03-27 18:56:27,0.0434933,-0.29912,-0.937455,0.083232,-0.00948001,-4.53311e-05,0.033968,Feeding,Shrimp
51,2017-03-27 18:56:27,0.04346,-0.297767,-0.938392,0.0815653,-0.0147333,0.000892006,0.0278347,Feeding,Shrimp
52,2017-03-27 18:56:27,0.0628613,-0.296517,-0.939277,0.0798987,-0.0276827,0.00567734,0.0295013,Feeding,Shrimp
53,2017-03-27 18:56:27,0.0491693,-0.295684,-0.940111,0.078336,-0.024616,-0.00908932,0.015464,Feeding,Shrimp
54,2017-03-27 18:56:27,0.03914,-0.294955,-0.940892,0.0765133,-0.0214453,-0.012208,0.0054867,Feeding,Shrimp
55,2017-03-27 18:56:27,0.0219747,-0.294589,-0.941779,0.0747427,-0.0101107,-0.0113213,-0.000542637,Feeding,Shrimp
56,2017-03-27 18:56:27,0.0225479,-0.294016,-0.9423,0.073232,0.00881593,-0.0108,-0.00293198,Feeding,Shrimp
57,2017-03-27 18:56:27,0.0238439,-0.293391,-0.942872,0.0718253,0.0120907,-0.00632797,-0.00542527,Feeding,Shrimp
58,2017-03-27 18:56:27,0.016632,-0.292661,-0.943497,0.070732,0.0113614,-0.00180266,0.003468,Feeding,Shrimp
59,2017-03-27 18:56:27,0.0236974,-0.291516,-0.943863,0.070056,0.018116,-0.00143733,0.00414406,Feeding,Shrimp
60,2017-03-27 18:56:27,0.0338853,-0.290057,-0.944332,0.06964,0.0166574,-0.000967997,0.0162599,Feeding,Shrimp
61,2017-03-27 18:56:27,0.0341216,-0.288599,-0.944801,0.069224,0.0268987,-0.000498742,-0.00672417,Feeding,Shrimp
62,2017-03-27 18:56:27,0.117935,-0.287036,-0.945373,0.069172,0.037036,-0.0234267,-0.057472,Feeding,Shrimp
63,2017-03-27 18:56:27,0.139564,-0.285212,-0.945893,0.0697453,0.031312,-0.0346067,-0.0736453,Feeding,Shrimp
64,2017-03-27 18:56:27,0.135039,-0.283649,-0.946361,0.0711507,0.0297493,-0.0380387,-0.0672507,Feeding,Shrimp
65,2017-03-27 18:56:27,0.0802867,-0.282191,-0.946829,0.0730253,0.0204907,-0.0219707,-0.0378254,Feeding,Shrimp
66,2017-03-27 18:56:27,0.0495067,-0.280628,-0.947141,0.07542,0.015028,-0.0176587,-0.01682,Feeding,Shrimp
67,2017-03-27 18:56:27,0.015288,-0.279065,-0.947401,0.078076,0.00566535,-0.00959868,2.39513e-05,Feeding,Shrimp
68,2017-03-27 18:56:27,0.0315239,-0.277451,-0.947609,0.080784,-0.0077493,-0.0132907,-0.010484,Feeding,Shrimp
69,2017-03-27 18:56:27,0.0512401,-0.275992,-0.947713,0.0835453,-0.017008,-0.0131866,-0.0210454,Feeding,Shrimp
70,2017-03-27 18:56:27,0.0666906,-0.274585,-0.947869,0.0860453,-0.0223146,-0.00913066,-0.0352454,Feeding,Shrimp
71,2017-03-27 18:56:27,0.0659693,-0.273283,-0.948077,0.0881293,-0.0158173,-0.00892264,-0.0412294,Feeding,Shrimp
72,2017-03-27 18:56:27,0.0646214,-0.272032,-0.948337,0.0896907,-0.00926793,-0.00476268,-0.0505908,Feeding,Shrimp
73,2017-03-27 18:56:27,0.08492,-0.270781,-0.948649,0.090888,0.00518134,-0.00835062,-0.071388,Feeding,Shrimp
74,2017-03-27 18:56:27,0.0956748,-0.269688,-0.949013,0.0917733,0.00798804,0.00371332,-0.0839734,Feeding,Shrimp
75,2017-03-27 18:56:28,0.145809,-0.268541,-0.949377,0.0923453,0.0224413,-0.00372267,-0.119645,Feeding,Shrimp
76,2017-03-27 18:56:28,0.187455,-0.267291,-0.949741,0.0926053,0.0211907,-0.00725867,-0.159005,Feeding,Shrimp
77,2017-03-27 18:56:28,0.24444,-0.265988,-0.950053,0.0926053,0.035488,-0.0108467,-0.198105,Feeding,Shrimp
78,2017-03-27 18:56:28,0.258217,-0.264633,-0.950417,0.0925013,0.0380333,-0.0143827,-0.205801,Feeding,Shrimp
79,2017-03-27 18:56:28,0.263877,-0.263331,-0.950937,0.092084,0.0445306,-0.0217626,-0.197584,Feeding,Shrimp
80,2017-03-27 18:56:28,0.241929,-0.262028,-0.951509,0.0915107,0.055028,-0.0250907,-0.161811,Feeding,Shrimp
81,2017-03-27 18:56:28,0.211921,-0.260725,-0.952185,0.0907813,0.0654253,-0.0205147,-0.125981,Feeding,Shrimp
82,2017-03-27 18:56:28,0.201625,-0.259475,-0.952809,0.09026,0.0719747,-0.0198907,-0.10976,Feeding,Shrimp
83,2017-03-27 18:56:28,0.199387,-0.258329,-0.953381,0.0897387,0.0747292,-0.0232188,-0.101439,Feeding,Shrimp
84,2017-03-27 18:56:28,0.185864,-0.257288,-0.953901,0.0894773,0.0580881,-0.0382987,-0.0894774,Feeding,Shrimp
85,2017-03-27 18:56:28,0.219506,-0.256299,-0.954317,0.0894253,0.0687987,-0.0495826,-0.101125,Feeding,Shrimp
86,2017-03-27 18:56:28,0.148061,-0.255465,-0.954681,0.0894773,0.0679653,-0.0297186,-0.0503771,Feeding,Shrimp
87,2017-03-27 18:56:28,0.0812573,-0.254632,-0.954993,0.0895813,0.055432,-0.0216066,0.00421875,Feeding,Shrimp
88,2017-03-27 18:56:28,0.083604,-0.253955,-0.955253,0.0899973,0.0351547,-0.00954666,0.0389027,Feeding,Shrimp
89,2017-03-27 18:56:28,0.0820947,-0.253225,-0.955461,0.0905693,0.0266253,-0.00543867,0.0500307,Feeding,Shrimp
90,2017-03-27 18:56:28,0.0726773,-0.25234,-0.955721,0.0911413,0.01404,-0.0130787,0.0455587,Feeding,Shrimp
91,2017-03-27 18:56:28,0.0320121,-0.251455,-0.955773,0.0918693,0.00925467,-0.0130267,0.00973072,Feeding,Shrimp
92,2017-03-27 18:56:28,0.0291026,-0.250621,-0.955773,0.0927027,-0.0110786,-0.0130267,0.00499735,Feeding,Shrimp
93,2017-03-27 18:56:28,0.0379372,-0.249996,-0.955721,0.093588,-0.00390403,0.0143212,0.019712,Feeding,Shrimp
94,2017-03-27 18:56:28,0.0258215,-0.249579,-0.955721,0.0944213,-0.000421308,0.00652134,0.0188788,Feeding,Shrimp
95,2017-03-27 18:56:28,0.0472844,-0.249213,-0.955721,0.0951507,0.00311349,0.00652147,0.0376495,Feeding,Shrimp
96,2017-03-27 18:56:28,0.112693,-0.248848,-0.955773,0.095828,0.0261481,0.0260733,0.060472,Feeding,Shrimp
97,2017-03-27 18:56:28,0.119604,-0.248536,-0.955825,0.0965573,0.037636,0.0183253,0.0636427,Feeding,Shrimp
98,2017-03-27 18:56:28,0.118667,-0.248172,-0.955929,0.0972347,0.037272,0.0184293,0.0629654,Feeding,Shrimp
99,2017-03-27 18:56:28,0.113725,-0.247964,-0.956085,0.098224,0.037064,0.00688534,0.069776,Feeding,Shrimp
100,2017-03-27 18:56:29,0.123549,-0.247808,-0.95598,0.0998387,0.0330079,0.00678,0.0837614,Feeding,Shrimp
101,2017-03-27 18:56:29,0.114517,-0.247496,-0.955771,0.101557,-0.00250401,0.00657067,0.105443,Feeding,Shrimp
102,2017-03-27 18:56:29,0.128711,-0.247236,-0.955563,0.103016,-0.014464,0.00636267,0.107884,Feeding,Shrimp
103,2017-03-27 18:56:29,0.136093,-0.246716,-0.955563,0.103953,-0.014984,0.0102627,0.110847,Feeding,Shrimp
104,2017-03-27 18:56:29,0.136303,-0.246039,-0.955668,0.104527,-0.0156613,0.010368,0.110273,Feeding,Shrimp
105,2017-03-27 18:56:29,0.137084,-0.245153,-0.955929,0.104892,-0.0165467,0.0145293,0.106008,Feeding,Shrimp
106,2017-03-27 18:56:29,0.157311,-0.244215,-0.956139,0.105413,-0.0213853,0.0225386,0.113387,Feeding,Shrimp
107,2017-03-27 18:56:29,0.145356,-0.243641,-0.956244,0.106247,-0.0219587,0.022644,0.100753,Feeding,Shrimp
108,2017-03-27 18:56:29,0.112229,-0.243641,-0.956088,0.108017,-0.0219587,0.018588,0.0716825,Feeding,Shrimp
109,2017-03-27 18:56:29,0.0762493,-0.24312,-0.95614,0.109371,-0.02248,0.01474,0.0390293,Feeding,Shrimp
110,2017-03-27 18:56:29,0.0614321,-0.241817,-0.956296,0.110047,-0.0237827,0.010996,0.0266533,Feeding,Shrimp
111,2017-03-27 18:56:29,0.081292,-0.240724,-0.9564,0.110984,-0.040576,0.0111,0.029616,Feeding,Shrimp
112,2017-03-27 18:56:29,0.091492,-0.238432,-0.957285,0.111661,-0.038868,0.0197853,0.0328387,Feeding,Shrimp
113,2017-03-27 18:56:29,0.087332,-0.236765,-0.957807,0.114109,-0.0366347,0.0203067,0.0303906,Feeding,Shrimp
114,2017-03-27 18:56:29,0.0715707,-0.23614,-0.957599,0.118588,-0.03336,0.0200987,0.018112,Feeding,Shrimp
115,2017-03-27 18:56:29,0.0500333,-0.236088,-0.957027,0.124005,-0.029512,0.0117267,0.00879466,Feeding,Shrimp
116,2017-03-27 18:56:29,0.0333374,-0.235984,-0.956351,0.129371,-0.025716,0.00325068,-0.00437067,Feeding,Shrimp
117,2017-03-27 18:56:29,0.0326707,-0.235775,-0.955621,0.134267,-0.0220253,-0.00137866,-0.00926668,Feeding,Shrimp
118,2017-03-27 18:56:29,0.0413107,-0.235775,-0.954944,0.138329,-0.0220253,-0.00595599,-0.0133293,Feeding,Shrimp
119,2017-03-27 18:56:29,0.0254574,-0.236035,-0.954371,0.141663,-0.0178653,-0.0026293,-0.00496271,Feeding,Shrimp
120,2017-03-27 18:56:29,0.0298733,-0.236347,-0.953901,0.144319,-0.0175533,0.000801335,-0.0115187,Feeding,Shrimp
121,2017-03-27 18:56:29,0.0272746,-0.236711,-0.953536,0.146349,-0.0171893,0.000436002,-0.0096493,Feeding,Shrimp
122,2017-03-27 18:56:29,0.0207774,-0.236555,-0.953224,0.147808,-0.0173454,0.000124002,-0.00330801,Feeding,Shrimp
123,2017-03-27 18:56:29,0.0259387,-0.237076,-0.95286,0.149475,-0.020724,-0.000240013,-0.00497469,Feeding,Shrimp
124,2017-03-27 18:56:29,0.034832,-0.237701,-0.952443,0.150776,-0.0200987,-0.00455733,-0.010176,Feeding,Shrimp
125,2017-03-27 18:56:30,0.0278653,-0.238119,-0.952025,0.151609,-0.0196813,-0.00497466,-0.00320933,Feeding,Shrimp
126,2017-03-27 18:56:30,0.0209773,-0.238275,-0.951817,0.152131,-0.0195253,-0.00128266,0.000169328,Feeding,Shrimp
127,2017-03-27 18:56:30,0.021212,-0.238431,-0.951661,0.152704,-0.0193693,-0.00143866,-0.000404006,Feeding,Shrimp
128,2017-03-27 18:56:30,0.0221507,-0.238431,-0.951452,0.153433,-0.0154693,-0.001648,-0.00503334,Feeding,Shrimp
129,2017-03-27 18:56:30,0.0275613,-0.238379,-0.951243,0.154683,-0.0155213,-0.00185733,-0.0101827,Feeding,Shrimp
130,2017-03-27 18:56:30,0.0369506,-0.238067,-0.951085,0.155932,-0.0197333,0.00188532,-0.015332,Feeding,Shrimp
131,2017-03-27 18:56:30,0.0417613,-0.237493,-0.951607,0.156661,-0.0164067,-0.00149332,-0.0238613,Feeding,Shrimp
132,2017-03-27 18:56:30,0.0566133,-0.236348,-0.952336,0.157025,-0.017552,0.003136,-0.0359253,Feeding,Shrimp
133,2017-03-27 18:56:30,0.0532866,-0.23666,-0.95244,0.157807,-0.01724,0.00323999,-0.0328067,Feeding,Shrimp
134,2017-03-27 18:56:30,0.0450186,-0.237909,-0.952388,0.15864,-0.0120906,0.00318797,-0.02974,Feeding,Shrimp
135,2017-03-27 18:56:30,0.030632,-0.238952,-0.95218,0.159264,-0.00714799,-0.000920022,-0.022564,Feeding,Shrimp
136,2017-03-27 18:56:30,0.0339587,-0.239785,-0.952232,0.159576,-0.00631463,-0.00476802,-0.022876,Feeding,Shrimp
137,2017-03-27 18:56:30,0.0372947,-0.240255,-0.952284,0.159524,0.00195469,-0.00861602,-0.026724,Feeding,Shrimp
138,2017-03-27 18:56:30,0.056952,-0.240776,-0.952284,0.15916,0.010276,-0.012516,-0.03416,Feeding,Shrimp
139,2017-03-27 18:56:30,0.0679187,-0.24088,-0.952336,0.158275,0.00648001,-0.016464,-0.0449747,Feeding,Shrimp
140,2017-03-27 18:56:30,0.0860653,-0.240776,-0.952544,0.157233,0.018076,-0.016256,-0.0517333,Feeding,Shrimp
141,2017-03-27 18:56:30,0.100412,-0.240672,-0.952648,0.156088,0.025872,-0.020052,-0.054488,Feeding,Shrimp
142,2017-03-27 18:56:30,0.107067,-0.240724,-0.9527,0.154943,0.033724,-0.0239,-0.0494427,Feeding,Shrimp
143,2017-03-27 18:56:30,0.0943254,-0.240776,-0.952752,0.153901,0.025976,-0.023848,-0.0445014,Feeding,Shrimp
144,2017-03-27 18:56:30,0.0529224,-0.240776,-0.952908,0.152807,-0.00922435,-0.0158918,-0.0278062,Feeding,Shrimp
145,2017-03-27 18:56:30,0.095722,-0.240776,-0.953168,0.151869,-0.0561237,0.00786789,0.0317304,Feeding,Shrimp
146,2017-03-27 18:56:30,0.019592,-0.240724,-0.953428,0.151244,-0.00927561,-0.00747203,-0.00284434,Feeding,Shrimp
147,2017-03-27 18:56:30,0.129524,-0.240672,-0.953584,0.151036,0.057072,-0.011216,-0.061236,Feeding,Shrimp
148,2017-03-27 18:56:30,0.129421,-0.240672,-0.953584,0.150932,0.0570724,-0.0112162,-0.0611321,Feeding,Shrimp
149,2017-03-27 18:56:30,0.301162,-0.240567,-0.953584,0.15088,0.150767,-0.058116,-0.0922797,Feeding,Shrimp
150,2017-03-27 18:56:31,0.163347,-0.240359,-0.953688,0.150724,0.119259,-0.0385119,0.00557621,Feeding,Shrimp
151,2017-03-27 18:56:31,0.172379,-0.240203,-0.95374,0.150464,0.0410026,0.01234,0.119036,Feeding,Shrimp
152,2017-03-27 18:56:31,0.199835,-0.240099,-0.953896,0.15036,0.0134987,0.035896,0.15044,Feeding,Shrimp
153,2017-03-27 18:56:31,0.199887,-0.239995,-0.953896,0.150204,0.0211947,0.039796,0.138896,Feeding,Shrimp
154,2017-03-27 18:56:31,0.184548,-0.240308,-0.953792,0.150152,0.037208,0.035792,0.111548,Feeding,Shrimp
155,2017-03-27 18:56:31,0.145757,-0.240777,-0.953532,0.150152,0.0337773,0.027732,0.0842481,Feeding,Shrimp
156,2017-03-27 18:56:31,0.114875,-0.241611,-0.953272,0.150308,0.0268107,0.023572,0.0644921,Feeding,Shrimp
157,2017-03-27 18:56:31,0.0761876,-0.242444,-0.952908,0.150464,0.031544,0.0154079,0.0292357,Feeding,Shrimp
158,2017-03-27 18:56:31,0.0455336,-0.243173,-0.952492,0.150568,0.0322735,0.00329187,-0.0099682,Feeding,Shrimp
159,2017-03-27 18:56:31,0.114242,-0.243903,-0.952128,0.150568,0.0564025,-0.016672,-0.041168,Feeding,Shrimp
160,2017-03-27 18:56:31,0.0797718,-0.24458,-0.951816,0.150308,0.01798,-0.0247839,-0.0370079,Feeding,Shrimp
161,2017-03-27 18:56:31,0.0257493,-0.245205,-0.951504,0.150048,0.0108053,-0.00159598,-0.0133479,Feeding,Shrimp
162,2017-03-27 18:56:31,0.0279427,-0.245883,-0.951192,0.149632,0.0153827,0.00589198,0.00666802,Feeding,Shrimp
163,2017-03-27 18:56:31,0.036628,-0.246508,-0.95088,0.14906,0.016008,0.00167999,0.01894,Feeding,Shrimp
164,2017-03-27 18:56:31,0.0453653,-0.247029,-0.950672,0.148436,0.00872934,0.00147199,0.035164,Feeding,Shrimp
165,2017-03-27 18:56:31,0.0554747,-0.247655,-0.950516,0.147864,0.00935467,-0.002584,0.043536,Feeding,Shrimp
166,2017-03-27 18:56:31,0.060364,-0.248072,-0.950412,0.147396,0.009772,-0.00268801,0.047904,Feeding,Shrimp
167,2017-03-27 18:56:31,0.0613013,-0.248801,-0.950516,0.147084,0.0105013,-0.006484,0.044316,Feeding,Shrimp
168,2017-03-27 18:56:31,0.0897892,-0.249791,-0.950308,0.147293,0.0388906,-0.0301919,0.0207067,Feeding,Shrimp
169,2017-03-27 18:56:31,0.146288,-0.250156,-0.950048,0.146981,0.0860552,-0.0538516,-0.00638095,Feeding,Shrimp
170,2017-03-27 18:56:31,0.070819,-0.250156,-0.949892,0.147033,-0.0193443,-0.0071078,0.0443668,Feeding,Shrimp
171,2017-03-27 18:56:31,0.16205,-0.250312,-0.94984,0.146877,-0.0660878,0.02404,0.0719226,Feeding,Shrimp
172,2017-03-27 18:56:31,0.126277,-0.250729,-0.949788,0.146981,-0.0383706,0.0278879,0.0600185,Feeding,Shrimp
173,2017-03-27 18:56:31,0.0660624,-0.251771,-0.94958,0.147347,-0.0216292,0.00817995,0.0362533,Feeding,Shrimp
174,2017-03-27 18:56:31,0.026984,-0.252968,-0.949216,0.147868,0.00686799,-0.00388399,0.016232,Feeding,Shrimp
175,2017-03-27 18:56:32,0.00862798,-0.254165,-0.9488,0.148337,0.000265337,-0.000400014,0.00796263,Feeding,Shrimp
176,2017-03-27 18:56:32,0.01562,-0.255363,-0.94828,0.148963,-0.00243732,-0.00482002,-0.00836268,Feeding,Shrimp
177,2017-03-27 18:56:32,0.0363854,-0.256456,-0.947759,0.149588,0.00255601,-0.0170413,-0.016788,Feeding,Shrimp
178,2017-03-27 18:56:32,0.0309294,-0.257653,-0.947341,0.150317,0.00375334,-0.00575868,-0.0214173,Feeding,Shrimp
179,2017-03-27 18:56:32,0.0311707,-0.259008,-0.946768,0.151047,-0.00659197,-0.00243201,-0.0221467,Feeding,Shrimp
180,2017-03-27 18:56:32,0.0248467,-0.260415,-0.946299,0.151463,-0.00518532,0.000998649,-0.0186627,Feeding,Shrimp
181,2017-03-27 18:56:32,0.0193307,-0.261613,-0.945829,0.151515,-0.00398666,0.000529327,-0.0148147,Feeding,Shrimp
182,2017-03-27 18:56:32,0.025916,-0.262343,-0.945308,0.151567,-0.0032573,-0.00779203,-0.0148667,Feeding,Shrimp
183,2017-03-27 18:56:32,0.030944,-0.262499,-0.944996,0.150941,0.000798677,-0.012004,-0.0181413,Feeding,Shrimp
184,2017-03-27 18:56:32,0.0281893,-0.263228,-0.944476,0.150837,0.001528,-0.00862397,-0.0180374,Feeding,Shrimp
185,2017-03-27 18:56:32,0.024664,-0.264895,-0.943956,0.151515,-0.000705351,-0.00134401,-0.0226146,Feeding,Shrimp
186,2017-03-27 18:56:32,0.0241426,-0.266561,-0.943488,0.152192,-0.00683861,-0.00181201,-0.015492,Feeding,Shrimp
187,2017-03-27 18:56:32,0.0312214,-0.269531,-0.942395,0.153285,0.00783069,-0.00290533,-0.0204854,Feeding,Shrimp
188,2017-03-27 18:56:32,0.038568,-0.272031,-0.941561,0.153076,0.0103307,0.000161316,-0.028076,Feeding,Shrimp
189,2017-03-27 18:56:32,0.041364,-0.27302,-0.941405,0.151149,0.01132,-0.00779467,-0.0222493,Feeding,Shrimp
190,2017-03-27 18:56:32,0.0474974,-0.273957,-0.941925,0.149065,0.0161573,-0.00337467,-0.0279653,Feeding,Shrimp
191,2017-03-27 18:56:32,0.0391466,-0.275571,-0.942081,0.147399,-0.00962928,-0.00321867,-0.0262987,Feeding,Shrimp
192,2017-03-27 18:56:32,0.0409706,-0.277237,-0.94182,0.145888,-0.0157626,0.00431998,-0.020888,Feeding,Shrimp
193,2017-03-27 18:56:32,0.0495959,-0.278852,-0.941507,0.144741,-0.0414479,0.000106675,-0.00804138,Feeding,Shrimp
194,2017-03-27 18:56:32,0.0521799,-0.280311,-0.941299,0.143908,-0.0360893,0.0115987,0.00449194,Feeding,Shrimp
195,2017-03-27 18:56:32,0.04886,-0.281769,-0.941091,0.143439,-0.0268306,0.0191906,-0.0028387,Feeding,Shrimp
196,2017-03-27 18:56:32,0.0470893,-0.283332,-0.940883,0.143439,-0.025268,0.0150826,-0.00673874,Feeding,Shrimp
197,2017-03-27 18:56:32,0.0490093,-0.285155,-0.940361,0.143803,-0.0195453,0.0106613,-0.0188027,Feeding,Shrimp
198,2017-03-27 18:56:32,0.0476027,-0.286404,-0.93984,0.144167,-0.018296,0.01014,-0.0191667,Feeding,Shrimp
199,2017-03-27 18:56:32,0.0626307,-0.287341,-0.939632,0.14474,-0.0212586,0.006032,-0.03534,Feeding,Shrimp
200,2017-03-27 18:56:33,0.0613813,-0.287913,-0.939528,0.144167,-0.0167866,0.00592799,-0.0386667,Feeding,Shrimp
201,2017-03-27 18:56:33,0.0477013,-0.288591,-0.93932,0.143072,-0.00830933,0.00181999,-0.037572,Feeding,Shrimp
202,2017-03-27 18:56:33,0.0505067,-0.289216,-0.93906,0.142083,-0.015484,-0.00234001,-0.0326827,Feeding,Shrimp
203,2017-03-27 18:56:33,0.0396627,-0.290153,-0.938748,0.141457,0.00495333,-0.006552,-0.0281573,Feeding,Shrimp
204,2017-03-27 18:56:33,0.0597066,-0.291455,-0.938384,0.141145,-0.0171453,-0.022516,-0.0200454,Feeding,Shrimp
205,2017-03-27 18:56:33,0.0584544,-0.292756,-0.937708,0.141197,-0.0392439,0.00410792,0.0151026,Feeding,Shrimp
206,2017-03-27 18:56:33,0.0485063,-0.294475,-0.936719,0.141613,0.0131745,0.00311866,-0.0322132,Feeding,Shrimp
207,2017-03-27 18:56:33,0.0618747,-0.296713,-0.935521,0.142083,0.0428132,-0.00197872,-0.0170827,Feeding,Shrimp
208,2017-03-27 18:56:33,0.0701944,-0.297339,-0.935105,0.141561,0.0317386,-0.0101947,-0.0282612,Feeding,Shrimp
209,2017-03-27 18:56:33,0.0298956,-0.297391,-0.935261,0.140467,0.0160904,-0.0100386,-0.00376651,Feeding,Shrimp
210,2017-03-27 18:56:33,0.0529947,-0.297703,-0.935573,0.139529,-0.0264974,-0.00192663,0.0245707,Feeding,Shrimp
211,2017-03-27 18:56:33,0.0804973,-0.298224,-0.935625,0.138904,-0.037676,0.00592534,0.036896,Feeding,Shrimp
212,2017-03-27 18:56:33,0.063492,-0.299421,-0.935365,0.138852,-0.0286786,0.00566535,0.029148,Feeding,Shrimp
213,2017-03-27 18:56:33,0.0643773,-0.300099,-0.935521,0.137445,-0.0202013,0.00972133,0.0344547,Feeding,Shrimp
214,2017-03-27 18:56:33,0.044668,-0.30088,-0.935469,0.136821,-0.01552,0.00576933,0.0233787,Feeding,Shrimp
215,2017-03-27 18:56:33,0.037236,-0.301349,-0.935053,0.136561,-0.0111507,-0.00244666,0.0236387,Feeding,Shrimp
216,2017-03-27 18:56:33,0.0383187,-0.3026,-0.934845,0.136927,-0.0138,0.00514533,0.0193733,Feeding,Shrimp
217,2017-03-27 18:56:33,0.0164199,-0.303747,-0.934533,0.1375,-0.00875334,-0.00686663,-0.000799946,Feeding,Shrimp
218,2017-03-27 18:56:33,0.0320719,-0.304684,-0.934169,0.138125,-1.60271e-05,-0.00723066,-0.0248252,Feeding,Shrimp
219,2017-03-27 18:56:33,0.0148266,-0.305727,-0.933701,0.138699,0.00102664,0.0040014,-0.0097986,Feeding,Shrimp
220,2017-03-27 18:56:33,0.0154239,-0.306873,-0.933129,0.139168,-0.00172664,0.0112293,-0.00246797,Feeding,Shrimp
221,2017-03-27 18:56:33,0.015252,-0.308176,-0.932609,0.139533,0.00347598,0.0107093,0.00106668,Feeding,Shrimp
222,2017-03-27 18:56:33,0.00807733,-0.309479,-0.932245,0.139847,0.000878665,0.00644532,0.000753342,Feeding,Shrimp
223,2017-03-27 18:56:33,0.004648,-0.310573,-0.931881,0.140107,0.00197332,0.00218134,0.000493343,Feeding,Shrimp
224,2017-03-27 18:56:33,0.00335201,-0.311459,-0.931517,0.140107,-0.00104132,0.00181734,0.000493343,Feeding,Shrimp
225,2017-03-27 18:56:34,0.00584672,-0.312448,-0.931205,0.140107,0.00384807,0.00150534,0.000493313,Feeding,Shrimp
226,2017-03-27 18:56:34,0.0565453,-0.313385,-0.930945,0.140315,0.0399853,0.00124531,-0.0153146,Feeding,Shrimp
227,2017-03-27 18:56:34,0.0478187,-0.314271,-0.930633,0.140419,0.0173707,-0.0263667,0.00408134,Feeding,Shrimp
228,2017-03-27 18:56:34,0.0525866,-0.315104,-0.930269,0.140679,-0.024696,0.00446931,0.0234213,Feeding,Shrimp
229,2017-03-27 18:56:34,0.0518067,-0.315416,-0.929905,0.140783,-0.012684,0.0315053,0.00761737,Feeding,Shrimp
230,2017-03-27 18:56:34,0.0474387,-0.315572,-0.929593,0.140783,-0.012528,0.0272934,0.00761734,Feeding,Shrimp
231,2017-03-27 18:56:34,0.0355867,-0.315416,-0.929333,0.140731,-0.00878401,0.0152334,0.0115693,Feeding,Shrimp
232,2017-03-27 18:56:34,0.0162946,-0.315468,-0.929385,0.140523,-0.00483205,0.00748526,0.00397731,Feeding,Shrimp
233,2017-03-27 18:56:34,0.0164039,-0.315884,-0.929437,0.140575,-0.012216,-0.00416264,2.53149e-05,Feeding,Shrimp
234,2017-03-27 18:56:34,0.0124533,-0.316248,-0.929281,0.140783,-0.00795198,-0.000418702,-0.00408264,Feeding,Shrimp
235,2017-03-27 18:56:34,0.0128704,-0.31656,-0.929021,0.141252,-0.00373993,-0.00847866,-0.000651828,Feeding,Shrimp
236,2017-03-27 18:56:34,0.0588372,-0.316924,-0.928813,0.141773,0.0122241,-0.00868666,0.0379264,Feeding,Shrimp
237,2017-03-27 18:56:34,0.0820374,-0.317288,-0.928553,0.142503,0.043888,-0.00894665,-0.0292027,Feeding,Shrimp
238,2017-03-27 18:56:34,0.0990426,-0.317704,-0.928345,0.143284,0.036404,-0.00525466,-0.057384,Feeding,Shrimp
239,2017-03-27 18:56:34,0.0696693,-0.318537,-0.927981,0.144013,0.0333373,-0.00171866,-0.0346133,Feeding,Shrimp
240,2017-03-27 18:56:34,0.0124547,-0.319005,-0.927721,0.144429,0.0104053,-0.00197866,7.06534e-05,Feeding,Shrimp
241,2017-03-27 18:56:34,0.0448306,-0.319577,-0.927357,0.144949,-0.0163226,0.00155733,0.0269506,Feeding,Shrimp
242,2017-03-27 18:56:34,0.0859066,-0.320151,-0.926576,0.145419,-0.0157493,0.020276,0.0498813,Feeding,Shrimp
243,2017-03-27 18:56:34,0.093812,-0.319891,-0.926316,0.145313,-0.0199093,0.020016,0.0538867,Feeding,Shrimp
244,2017-03-27 18:56:34,0.0536143,-0.320359,-0.926212,0.145939,-0.0116412,0.0121119,0.0298612,Feeding,Shrimp
245,2017-03-27 18:56:34,0.0113051,-0.321296,-0.926212,0.146303,0.00489598,0.000411925,0.00599723,Feeding,Shrimp
246,2017-03-27 18:56:34,0.0233961,-0.322233,-0.926056,0.146719,0.00193338,-0.011444,-0.0100187,Feeding,Shrimp
247,2017-03-27 18:56:34,0.040244,-0.323013,-0.925744,0.146875,0.0105133,-0.019556,-0.0101747,Feeding,Shrimp
248,2017-03-27 18:56:34,0.0407118,-0.323275,-0.92538,0.146717,0.0107746,-0.01992,-0.0100172,Feeding,Shrimp
249,2017-03-27 18:56:34,0.0346903,-0.32338,-0.925172,0.146457,-0.0125199,-0.00842808,0.0137424,Feeding,Shrimp
250,2017-03-27 18:56:35,0.150431,-0.323641,-0.924964,0.146353,0.0189413,-0.035936,-0.0955532,Feeding,Shrimp
251,2017-03-27 18:56:35,0.084292,-0.324007,-0.92486,0.146145,0.00760669,-0.02434,-0.0523453,Feeding,Shrimp
252,2017-03-27 18:56:35,0.0780547,-0.325205,-0.924339,0.145988,0.0361053,-0.00926133,-0.032688,Feeding,Shrimp
253,2017-03-27 18:56:35,0.0460212,-0.325517,-0.924079,0.145883,-0.0221826,-0.0134213,0.0104173,Feeding,Shrimp
254,2017-03-27 18:56:35,0.0538213,-0.325935,-0.923819,0.145725,-0.0256653,-0.00198135,0.0261746,Feeding,Shrimp
255,2017-03-27 18:56:35,0.0489773,-0.326456,-0.923507,0.145673,-0.00944405,0.00550665,0.0340267,Feeding,Shrimp
256,2017-03-27 18:56:35,0.063636,-0.327029,-0.923195,0.145829,-0.0167706,0.0129946,0.0338707,Feeding,Shrimp
257,2017-03-27 18:56:35,0.0630626,-0.327603,-0.923091,0.145725,-0.0239974,0.0128906,0.0261746,Feeding,Shrimp
258,2017-03-27 18:56:35,0.0509453,-0.328072,-0.922987,0.145569,-0.031328,0.00498662,0.0146307,Feeding,Shrimp
259,2017-03-27 18:56:35,0.0445065,-0.328697,-0.922883,0.145413,-0.0307026,-0.00291729,0.0108866,Feeding,Shrimp
260,2017-03-27 18:56:35,0.0259866,-0.329427,-0.922623,0.145309,-0.0182733,0.00462267,0.00309063,Feeding,Shrimp
261,2017-03-27 18:56:35,0.02246,-0.330156,-0.922311,0.145205,-0.00964399,0.00431065,-0.00850534,Feeding,Shrimp
262,2017-03-27 18:56:35,0.0174666,-0.330937,-0.922051,0.145153,-0.00496266,0.000150668,-0.0123533,Feeding,Shrimp
263,2017-03-27 18:56:35,0.004892,-0.331719,-0.921791,0.145101,-0.000281327,-0.000109338,-0.00450133,Feeding,Shrimp
264,2017-03-27 18:56:35,0.017488,-0.332865,-0.921583,0.145205,0.00476534,-0.00421733,-0.00850532,Feeding,Shrimp
265,2017-03-27 18:56:35,0.0209107,-0.333699,-0.921063,0.145049,0.0133987,0.00306266,-0.00444933,Feeding,Shrimp
266,2017-03-27 18:56:35,0.0440506,-0.33396,-0.920959,0.144632,0.02536,0.00295867,-0.015732,Feeding,Shrimp
267,2017-03-27 18:56:35,0.0562213,-0.334325,-0.921272,0.144424,0.0296253,0.00717199,-0.019424,Feeding,Shrimp
268,2017-03-27 18:56:35,0.0379773,-0.334743,-0.921481,0.144216,0.0261427,-0.000418641,-0.011416,Feeding,Shrimp
269,2017-03-27 18:56:35,0.0383944,-0.33542,-0.921481,0.143956,0.0151199,-0.0121186,-0.0111559,Feeding,Shrimp
270,2017-03-27 18:56:35,0.00866929,-0.336149,-0.921429,0.143852,-0.00365064,-0.00437059,0.00064806,Feeding,Shrimp
271,2017-03-27 18:56:35,0.0162881,-0.336619,-0.921169,0.1438,0.00071871,0.00706935,0.00850005,Feeding,Shrimp
272,2017-03-27 18:56:35,0.0362013,-0.33714,-0.920909,0.143748,0.00903998,0.0107093,0.016452,Feeding,Shrimp
273,2017-03-27 18:56:35,0.0324053,-0.337713,-0.920388,0.143696,0.00571332,0.006288,0.020404,Feeding,Shrimp
274,2017-03-27 18:56:35,0.0293907,-0.338495,-0.919919,0.143123,0.00259467,0.00581865,0.0209773,Feeding,Shrimp
275,2017-03-27 18:56:36,0.0259613,-0.339745,-0.919503,0.143487,0.00384529,0.00150268,0.0206133,Feeding,Shrimp
276,2017-03-27 18:56:36,0.043588,-0.340891,-0.919243,0.144164,-0.0185093,0.00904265,0.016036,Feeding,Shrimp
277,2017-03-27 18:56:36,0.00897733,-0.341984,-0.918983,0.144476,0.002184,-0.00291733,-0.00387599,Feeding,Shrimp
278,2017-03-27 18:56:36,0.02342,-0.342817,-0.918671,0.144268,0.0147173,0.000670662,0.008032,Feeding,Shrimp
279,2017-03-27 18:56:36,0.0369759,-0.343287,-0.918357,0.143695,-0.00831329,0.0160573,0.0126053,Feeding,Shrimp
280,2017-03-27 18:56:36,0.0411559,-0.343808,-0.918357,0.142809,0.0313079,0.00425737,0.00559069,Feeding,Shrimp
281,2017-03-27 18:56:36,0.0496973,-0.344225,-0.918304,0.141924,0.0278253,-0.00749596,0.014376,Feeding,Shrimp
282,2017-03-27 18:56:36,0.0508478,-0.344799,-0.9182,0.141351,0.0205986,-0.0193,0.0109493,Feeding,Shrimp
283,2017-03-27 18:56:36,0.0287493,-0.345632,-0.91794,0.141143,0.00973198,-0.0156599,0.00335736,Feeding,Shrimp
284,2017-03-27 18:56:36,0.0181946,-0.346413,-0.917524,0.141195,0.00661332,-0.00437594,0.00720536,Feeding,Shrimp
285,2017-03-27 18:56:36,0.0214067,-0.347351,-0.916951,0.141195,0.00355067,0.00675064,0.0111054,Feeding,Shrimp
286,2017-03-27 18:56:36,0.0219227,-0.348288,-0.916377,0.141143,0.00448799,0.00227733,0.0151573,Feeding,Shrimp
287,2017-03-27 18:56:36,0.022548,-0.348965,-0.91596,0.140777,0.00126534,0.00185998,0.0194227,Feeding,Shrimp
288,2017-03-27 18:56:36,0.0197132,-0.349955,-0.915023,0.141819,0.00225459,-0.0029773,0.0144813,Feeding,Shrimp
289,2017-03-27 18:56:36,0.0855266,-0.350632,-0.914189,0.142131,-0.055668,0.0235893,0.00626934,Feeding,Shrimp
290,2017-03-27 18:56:36,0.0301186,-0.351621,-0.913564,0.142339,0.0157213,-0.00443599,0.00996133,Feeding,Shrimp
291,2017-03-27 18:56:36,0.00955068,-0.351933,-0.912939,0.141921,0.00423335,0.00273865,0.00257868,Feeding,Shrimp
292,2017-03-27 18:56:36,0.014776,-0.352349,-0.912521,0.141348,0.000749347,-0.00547865,-0.00854797,Feeding,Shrimp
293,2017-03-27 18:56:36,0.0268413,-0.353027,-0.912208,0.140723,0.00532666,-0.00579201,-0.0157226,Feeding,Shrimp
294,2017-03-27 18:56:36,0.0347973,-0.353547,-0.911999,0.140149,0.0058467,-0.00990128,-0.0190493,Feeding,Shrimp
295,2017-03-27 18:56:36,0.0272039,-0.354067,-0.911947,0.139784,0.0102666,-0.00215334,-0.014784,Feeding,Shrimp
296,2017-03-27 18:56:36,0.0158679,-0.354431,-0.911685,0.139523,0.0028306,-0.00241463,-0.0106226,Feeding,Shrimp
297,2017-03-27 18:56:36,0.0200387,-0.354795,-0.911372,0.139261,-0.00850533,0.00507199,-0.00646133,Feeding,Shrimp
298,2017-03-27 18:56:36,0.0192053,-0.355211,-0.911163,0.139053,-0.00808936,0.00486264,-0.00625332,Feeding,Shrimp
299,2017-03-27 18:56:36,0.0184226,-0.35568,-0.910953,0.138949,-0.01542,0.000753326,-0.00224934,Feeding,Shrimp
300,2017-03-27 18:56:37,0.0136893,-0.356201,-0.910745,0.138845,-0.0109986,0.000545318,-0.00214534,Feeding,Shrimp
301,2017-03-27 18:56:37,0.0119733,-0.356775,-0.910537,0.138585,-0.00262533,-0.00356268,-0.00578534,Feeding,Shrimp
302,2017-03-27 18:56:37,0.015352,-0.357348,-0.910329,0.138429,-0.002052,-0.00767067,-0.00562934,Feeding,Shrimp
303,2017-03-27 18:56:37,0.0145187,-0.358077,-0.910225,0.138221,-0.00132266,-0.00777467,-0.00542134,Feeding,Shrimp
304,2017-03-27 18:56:37,0.0207667,-0.359067,-0.910121,0.138221,0.00356666,-0.0117787,-0.00542133,Feeding,Shrimp
305,2017-03-27 18:56:37,0.014216,-0.36016,-0.910069,0.138325,0.000760014,-0.00793069,-0.00552533,Feeding,Shrimp
306,2017-03-27 18:56:37,0.0236146,-0.361149,-0.909861,0.138325,-0.0138506,-0.00423869,-0.00552534,Feeding,Shrimp
307,2017-03-27 18:56:37,0.0230946,-0.361983,-0.909444,0.138221,-0.0130172,-0.00855598,-0.00152133,Feeding,Shrimp
308,2017-03-27 18:56:37,0.00687067,-0.362556,-0.909131,0.137857,-0.000743998,-0.00496931,-0.00115736,Feeding,Shrimp
309,2017-03-27 18:56:37,0.00577858,-0.363233,-0.908973,0.137285,-6.66635e-05,-0.00122661,-0.00448531,Feeding,Shrimp
310,2017-03-27 18:56:37,0.011432,-0.364067,-0.908921,0.136556,0.00076667,0.0105213,0.000144003,Feeding,Shrimp
311,2017-03-27 18:56:37,0.00899065,-0.364848,-0.908817,0.135775,0.00154799,0.00651731,0.000925349,Feeding,Shrimp
312,2017-03-27 18:56:37,0.00979863,-0.365525,-0.908765,0.134941,-0.00167466,0.00246531,0.00565866,Feeding,Shrimp
313,2017-03-27 18:56:37,0.00881999,-0.366151,-0.908713,0.134316,-0.00104933,-0.00538667,0.002384,Feeding,Shrimp
314,2017-03-27 18:56:37,0.00316667,-0.366411,-0.908817,0.133795,-0.000789333,-0.00138267,-0.000994667,Feeding,Shrimp
315,2017-03-27 18:56:37,0.011268,-0.366932,-0.908713,0.133587,-0.004168,0.00241333,-0.00468666,Feeding,Shrimp
316,2017-03-27 18:56:37,0.0142787,-0.367661,-0.908661,0.133379,-0.00343866,0.00636132,-0.00447866,Feeding,Shrimp
317,2017-03-27 18:56:37,0.0137107,-0.368025,-0.908767,0.133169,-0.00697465,0.00246667,-0.00426933,Feeding,Shrimp
318,2017-03-27 18:56:37,0.00881734,-0.368911,-0.908767,0.132961,-0.00218935,0.00646665,-0.000161344,Feeding,Shrimp
319,2017-03-27 18:56:37,0.00818672,-0.36964,-0.908715,0.132388,-0.00536003,0.00241466,0.00041203,Feeding,Shrimp
320,2017-03-27 18:56:37,0.0163507,-0.370109,-0.908559,0.131399,-0.00879067,0.00225866,0.00530136,Feeding,Shrimp
321,2017-03-27 18:56:37,0.0213947,-0.370215,-0.908507,0.130097,-0.00868536,0.00220669,0.0105026,Feeding,Shrimp
322,2017-03-27 18:56:37,0.0269547,-0.370268,-0.908715,0.128692,-0.012532,0.00641467,0.00800798,Feeding,Shrimp
323,2017-03-27 18:56:37,0.024876,-0.37032,-0.909183,0.127287,-0.01248,0.00688267,0.00551334,Feeding,Shrimp
324,2017-03-27 18:56:37,0.0307027,-0.37032,-0.909599,0.125776,-0.01638,0.0072987,0.00702399,Feeding,Shrimp
325,2017-03-27 18:56:38,0.0326293,-0.370424,-0.910067,0.124213,-0.00847598,0.0194667,0.00468665,Feeding,Shrimp
326,2017-03-27 18:56:38,0.0328733,-0.370736,-0.910431,0.122807,0.003536,0.0237307,-0.00560665,Feeding,Shrimp
327,2017-03-27 18:56:38,0.0384053,-0.370319,-0.910952,0.121765,0.00701867,0.024252,0.00713467,Feeding,Shrimp
328,2017-03-27 18:56:38,0.024992,-0.370892,-0.911056,0.120672,-0.000207994,0.020456,0.00432801,Feeding,Shrimp
329,2017-03-27 18:56:38,0.0374733,-0.371308,-0.911212,0.119631,-0.011492,0.016712,0.00926933,Feeding,Shrimp
330,2017-03-27 18:56:38,0.0456906,-0.37162,-0.911108,0.118797,-0.01508,0.016608,0.0140027,Feeding,Shrimp
331,2017-03-27 18:56:38,0.0451693,-0.372192,-0.910795,0.118433,-0.010608,0.0162947,0.0182667,Feeding,Shrimp
332,2017-03-27 18:56:38,0.0473027,-0.372973,-0.910221,0.118745,-0.0176266,0.00392139,0.0257546,Feeding,Shrimp
333,2017-03-27 18:56:38,0.0444346,-0.374171,-0.90944,0.119735,-0.0125293,0.01104,0.0208653,Feeding,Shrimp
334,2017-03-27 18:56:38,0.0329373,-0.375576,-0.908503,0.121089,-0.011124,0.00620266,0.0156106,Feeding,Shrimp
335,2017-03-27 18:56:38,0.0174866,-0.376877,-0.907564,0.1226,-0.00202265,0.005264,0.0102,Feeding,Shrimp
336,2017-03-27 18:56:38,0.0122933,-0.378179,-0.906677,0.124163,0.00317867,0.00437732,0.00473732,Feeding,Shrimp
337,2017-03-27 18:56:38,0.00550668,-0.379324,-0.905739,0.125621,0.004324,-0.000561336,-0.000621346,Feeding,Shrimp
338,2017-03-27 18:56:38,0.0131053,-0.380521,-0.904748,0.127132,0.00552134,-0.00155201,-0.006032,Feeding,Shrimp
339,2017-03-27 18:56:38,0.020808,-0.381771,-0.903653,0.128591,0.0106707,-0.00654667,-0.00359067,Feeding,Shrimp
340,2017-03-27 18:56:38,0.0205027,-0.382916,-0.902559,0.129945,0.007916,-0.00764134,-0.00494534,Feeding,Shrimp
341,2017-03-27 18:56:38,0.0123974,-0.384113,-0.901464,0.131248,0.00131335,-0.008736,-0.00234801,Feeding,Shrimp
342,2017-03-27 18:56:38,0.0113653,-0.385415,-0.900161,0.132759,-0.00128532,-0.0100387,4.13214e-05,Feeding,Shrimp
343,2017-03-27 18:56:38,0.011368,-0.386352,-0.899172,0.133488,0.00355199,-0.00712802,-0.000688005,Feeding,Shrimp
344,2017-03-27 18:56:38,0.0185547,-0.387341,-0.898129,0.134843,0.00454134,-0.00417067,-0.00984273,Feeding,Shrimp
345,2017-03-27 18:56:38,0.0304187,-0.388904,-0.896983,0.136197,0.00610397,-0.00531733,-0.0189974,Feeding,Shrimp
346,2017-03-27 18:56:38,0.0375467,-0.390205,-0.896045,0.137187,0.00350531,-0.00625469,-0.0277867,Feeding,Shrimp
347,2017-03-27 18:56:38,0.0455053,-0.391299,-0.894899,0.138905,0.000698665,-0.0114013,-0.0334053,Feeding,Shrimp
348,2017-03-27 18:56:38,0.0502961,-0.392236,-0.893597,0.141457,0.00163601,-0.0127027,-0.0359574,Feeding,Shrimp
349,2017-03-27 18:56:38,0.067932,-0.393225,-0.891984,0.144791,0.00652534,-0.018216,-0.0431906,Feeding,Shrimp
350,2017-03-27 18:56:39,0.066436,-0.394111,-0.89016,0.148385,0.0113107,-0.02394,-0.0311853,Feeding,Shrimp
351,2017-03-27 18:56:39,0.0761707,-0.394736,-0.888284,0.151719,0.015836,-0.029716,-0.0306187,Feeding,Shrimp
352,2017-03-27 18:56:39,0.0734227,-0.395569,-0.886669,0.154323,0.0166693,-0.0274307,-0.0293227,Feeding,Shrimp
353,2017-03-27 18:56:39,0.060688,-0.395465,-0.885367,0.155989,0.0126653,-0.0287333,-0.0192894,Feeding,Shrimp
354,2017-03-27 18:56:39,0.0611107,-0.395257,-0.883596,0.158749,0.0163573,-0.026604,-0.0181494,Feeding,Shrimp
355,2017-03-27 18:56:39,0.0796333,-0.395309,-0.8812,0.163124,0.0164093,-0.0329,-0.030324,Feeding,Shrimp
356,2017-03-27 18:56:39,0.12416,-0.396039,-0.878128,0.168749,0.0249386,-0.043772,-0.0554493,Feeding,Shrimp
357,2017-03-27 18:56:39,0.186003,-0.397341,-0.874377,0.174739,0.0379414,-0.0514227,-0.0966389,Feeding,Shrimp
358,2017-03-27 18:56:39,0.248579,-0.399737,-0.870627,0.180468,0.0559373,-0.0590734,-0.133568,Feeding,Shrimp
359,2017-03-27 18:56:39,0.273561,-0.402759,-0.866303,0.186405,0.0589587,-0.0711974,-0.143405,Feeding,Shrimp
360,2017-03-27 18:56:39,0.287051,-0.406144,-0.861824,0.192031,0.058444,-0.083476,-0.145131,Feeding,Shrimp
361,2017-03-27 18:56:39,0.308392,-0.409529,-0.857345,0.197708,0.0657293,-0.0879547,-0.154708,Feeding,Shrimp
362,2017-03-27 18:56:39,0.314811,-0.413384,-0.852607,0.203333,0.057884,-0.0965933,-0.160333,Feeding,Shrimp
363,2017-03-27 18:56:39,0.302615,-0.417707,-0.847607,0.209115,0.0466067,-0.0976933,-0.158315,Feeding,Shrimp
364,2017-03-27 18:56:39,0.27976,-0.422499,-0.842191,0.215052,0.0474987,-0.0875093,-0.144752,Feeding,Shrimp
365,2017-03-27 18:56:39,0.288523,-0.427707,-0.836565,0.220781,0.0488067,-0.0892347,-0.150481,Feeding,Shrimp
366,2017-03-27 18:56:39,0.304981,-0.433019,-0.830836,0.226199,0.0541187,-0.091064,-0.159799,Feeding,Shrimp
367,2017-03-27 18:56:39,0.309271,-0.438227,-0.825003,0.231147,0.0632267,-0.0851974,-0.160847,Feeding,Shrimp
368,2017-03-27 18:56:39,0.265883,-0.443435,-0.819221,0.235469,0.0528347,-0.0752787,-0.137769,Feeding,Shrimp
369,2017-03-27 18:56:39,0.202313,-0.448643,-0.813545,0.239116,0.0423425,-0.0653545,-0.0946156,Feeding,Shrimp
370,2017-03-27 18:56:39,0.11056,-0.453591,-0.807868,0.242137,0.0199905,-0.0476319,-0.0429371,Feeding,Shrimp
371,2017-03-27 18:56:39,0.0571799,-0.458539,-0.8024,0.244741,0.00153866,-0.0414,-0.0142412,Feeding,Shrimp
372,2017-03-27 18:56:39,0.042072,-0.463487,-0.797192,0.246877,0.00258668,-0.038708,-0.000777314,Feeding,Shrimp
373,2017-03-27 18:56:39,0.0563894,-0.468487,-0.792036,0.248961,0.0075867,-0.047764,0.00103865,Feeding,Shrimp
374,2017-03-27 18:56:39,0.074352,-0.473539,-0.786984,0.251097,0.0165387,-0.052816,-0.00499732,Feeding,Shrimp
375,2017-03-27 19:13:46,0.014912,-0.367512,-0.846465,0.354641,-0.00748801,0.00266533,0.00475866,Feeding,Shrimp
376,2017-03-27 19:13:46,0.0138693,-0.36772,-0.846152,0.355163,-0.01118,0.002352,0.000337332,Feeding,Shrimp
377,2017-03-27 19:13:46,0.017248,-0.367928,-0.845944,0.355632,-0.010972,0.006144,-0.000132001,Feeding,Shrimp
378,2017-03-27 19:13:46,0.00913601,-0.36824,-0.845579,0.355997,-0.00286001,0.00577867,-0.000497334,Feeding,Shrimp
379,2017-03-27 19:13:46,0.015004,-0.3685,-0.845267,0.356363,-0.0026,0.00546667,0.00693732,Feeding,Shrimp
380,2017-03-27 19:13:46,0.00985334,-0.368812,-0.844849,0.356884,-0.002288,0.00504933,0.00251601,Feeding,Shrimp
381,2017-03-27 19:13:46,0.008604,-0.369072,-0.844589,0.357613,-0.002028,0.00478933,0.00178667,Feeding,Shrimp
382,2017-03-27 19:13:46,0.00735327,-0.36928,-0.844224,0.358291,-0.00181997,0.00442397,0.00110933,Feeding,Shrimp
383,2017-03-27 19:13:46,0.00240128,-0.369436,-0.843755,0.35928,0.00223598,-4.53337e-05,0.000119974,Feeding,Shrimp
384,2017-03-27 19:13:46,0.00668794,-0.369696,-0.843285,0.360269,-0.001404,-0.000514647,-0.0047693,Feeding,Shrimp
385,2017-03-27 19:13:46,0.00604529,-0.369904,-0.842712,0.361363,-0.001196,0.00291198,0.00193731,Feeding,Shrimp
386,2017-03-27 19:13:46,0.00581067,-0.370112,-0.842087,0.362509,-0.000987999,-0.00171332,-0.00310935,Feeding,Shrimp
387,2017-03-27 19:13:46,0.010492,-0.370268,-0.841409,0.363551,-0.000831999,0.00160933,-0.00805067,Feeding,Shrimp
388,2017-03-27 19:13:46,0.010596,-0.37058,-0.840836,0.36454,-0.000520004,0.00103599,-0.00903999,Feeding,Shrimp
389,2017-03-27 19:13:46,0.00966667,-0.370892,-0.840263,0.365321,-0.004108,-0.00353733,-0.00202134,Feeding,Shrimp
390,2017-03-27 19:13:46,0.0105013,-0.371204,-0.839845,0.366051,-0.003796,-0.00395467,-0.00275067,Feeding,Shrimp
391,2017-03-27 19:13:46,0.015392,-0.371464,-0.839376,0.366832,-0.003536,-0.004424,-0.007432,Feeding,Shrimp
392,2017-03-27 19:13:46,0.00598268,-0.371776,-0.838855,0.367561,0.000675992,-0.00494533,-0.000361354,Feeding,Shrimp
393,2017-03-27 19:13:46,0.0101839,-0.372036,-0.838437,0.368289,0.00483599,0.00253731,0.00281065,Feeding,Shrimp
394,2017-03-27 19:13:46,0.0128839,-0.372192,-0.837968,0.369176,0.00109197,0.00596797,0.005824,Feeding,Shrimp
395,2017-03-27 19:13:46,0.00918933,-0.372452,-0.837551,0.370009,-0.00254797,0.00165067,0.00499069,Feeding,Shrimp
396,2017-03-27 19:13:46,0.0108507,-0.37266,-0.837133,0.370843,0.00156,0.00123331,0.00805735,Feeding,Shrimp
397,2017-03-27 19:13:46,0.01608,-0.37292,-0.836768,0.371572,0.00182,-0.003032,0.011228,Feeding,Shrimp
398,2017-03-27 19:13:46,0.0162373,-0.37318,-0.836403,0.37204,0.00207999,-0.00339732,0.01076,Feeding,Shrimp
399,2017-03-27 19:13:46,0.0081933,-0.373492,-0.836037,0.372352,-0.00150799,0.000137333,0.00654798,Feeding,Shrimp
400,2017-03-27 19:13:47,0.00428803,-0.3737,-0.835828,0.372716,0.0026,-7.20077e-05,-0.00161602,Feeding,Shrimp
401,2017-03-27 19:13:47,0.0206693,-0.37396,-0.835515,0.372924,0.00286,-0.00428534,-0.013524,Feeding,Shrimp
402,2017-03-27 19:13:47,0.0231107,-0.37422,-0.835305,0.373236,-0.000779998,-0.00849467,-0.013836,Feeding,Shrimp
403,2017-03-27 19:13:47,0.02634,-0.37448,-0.834992,0.373652,0.00727999,-0.004808,-0.014252,Feeding,Shrimp
404,2017-03-27 19:13:47,0.0275853,-0.374688,-0.834627,0.374224,0.007488,-0.00917333,-0.010924,Feeding,Shrimp
405,2017-03-27 19:13:47,0.0173386,-0.374948,-0.834209,0.3749,0.011648,-0.00559068,9.99683e-05,Feeding,Shrimp
406,2017-03-27 19:13:47,0.013388,-0.37526,-0.833792,0.37568,0.00806002,-0.00210801,0.00321999,Feeding,Shrimp
407,2017-03-27 19:13:47,0.02904,-0.375624,-0.833323,0.376461,0.016224,-0.00257733,0.0102387,Feeding,Shrimp
408,2017-03-27 19:13:47,0.0330974,-0.376093,-0.832801,0.377295,0.0127934,-0.00309864,0.0172054,Feeding,Shrimp
409,2017-03-27 19:13:47,0.0417201,-0.376667,-0.832333,0.37818,0.0172667,0.000333353,0.02412,Feeding,Shrimp
410,2017-03-27 19:13:47,0.0526866,-0.377396,-0.83176,0.379169,0.017996,0.00365998,0.0310306,Feeding,Shrimp
411,2017-03-27 19:13:47,0.0415746,-0.378073,-0.831292,0.380107,0.0186733,-0.000708014,0.0221933,Feeding,Shrimp
412,2017-03-27 19:13:47,0.022284,-0.378803,-0.830719,0.3812,0.0155027,-0.00518134,0.00159996,Feeding,Shrimp
413,2017-03-27 19:13:47,0.0376,-0.379532,-0.829937,0.382605,0.012332,-0.00986267,-0.0154053,Feeding,Shrimp
414,2017-03-27 19:13:47,0.0489387,-0.380157,-0.828947,0.384428,0.0129573,-0.0148533,-0.021128,Feeding,Shrimp
415,2017-03-27 19:13:47,0.044736,-0.380627,-0.827853,0.386563,0.00562667,-0.0119467,-0.0271627,Feeding,Shrimp
416,2017-03-27 19:13:47,0.0563853,-0.381096,-0.82676,0.388749,0.009996,-0.01704,-0.0293493,Feeding,Shrimp
417,2017-03-27 19:13:47,0.0403254,-0.381512,-0.825771,0.390884,0.00651201,-0.0101294,-0.023684,Feeding,Shrimp
418,2017-03-27 19:13:47,0.0442267,-0.381981,-0.824625,0.393071,0.00698134,-0.0230746,-0.0141707,Feeding,Shrimp
419,2017-03-27 19:13:47,0.0401278,-0.381981,-0.823168,0.395415,0.00698134,-0.0127319,-0.0204145,Feeding,Shrimp
420,2017-03-27 19:13:47,0.0162653,-0.381669,-0.821711,0.397707,0.00666931,-0.00638931,-0.00320664,Feeding,Shrimp
421,2017-03-27 19:13:47,0.00722126,-0.3812,-0.820564,0.399685,0.0023,-0.00363595,-0.00128531,Feeding,Shrimp
422,2017-03-27 19:13:47,0.00595472,-0.380211,-0.819731,0.400987,0.00131067,0.00333069,0.00131336,Feeding,Shrimp
423,2017-03-27 19:13:47,0.01224,-0.37896,-0.819471,0.401091,6.00114e-05,0.00697068,0.00520934,Feeding,Shrimp
424,2017-03-27 19:13:47,0.011776,-0.377033,-0.819783,0.39984,0.00203331,0.00728267,0.00246001,Feeding,Shrimp
425,2017-03-27 19:13:48,0.012308,-0.374897,-0.820408,0.398797,-0.00790268,0.00400801,-0.000397333,Feeding,Shrimp
426,2017-03-27 19:13:48,0.026508,-0.372501,-0.820877,0.398432,-0.0141987,0.00447734,-0.00783199,Feeding,Shrimp
427,2017-03-27 19:13:48,0.0278533,-0.370365,-0.821033,0.398952,-0.0163347,-0.00316666,-0.00835199,Feeding,Shrimp
428,2017-03-27 19:13:48,0.024644,-0.368439,-0.821137,0.400045,-0.0143613,0.000837339,-0.00944532,Feeding,Shrimp
429,2017-03-27 19:13:48,0.031772,-0.366616,-0.821084,0.401504,-0.020084,0.00078401,-0.010904,Feeding,Shrimp
430,2017-03-27 19:13:48,0.0296907,-0.365209,-0.820979,0.403379,-0.0214907,-0.00322131,-0.00497867,Feeding,Shrimp
431,2017-03-27 19:13:48,0.0237893,-0.364168,-0.820719,0.405461,-0.018632,0.00431865,0.000838653,Feeding,Shrimp
432,2017-03-27 19:13:48,0.028868,-0.363231,-0.820251,0.407649,-0.0234693,-4.93235e-05,-0.00534932,Feeding,Shrimp
433,2017-03-27 19:13:48,0.0324614,-0.362553,-0.819679,0.409993,-0.0241467,-0.000621349,-0.00769337,Feeding,Shrimp
434,2017-03-27 19:13:48,0.0477027,-0.36198,-0.818951,0.412233,-0.02472,-0.00524933,-0.0177334,Feeding,Shrimp
435,2017-03-27 19:13:48,0.0589934,-0.361407,-0.818065,0.414265,-0.0252933,-0.00613466,-0.0275654,Feeding,Shrimp
436,2017-03-27 19:13:48,0.0739746,-0.360885,-0.81718,0.41614,-0.0258147,-0.00702,-0.04114,Feeding,Shrimp
437,2017-03-27 19:13:48,0.0770987,-0.36026,-0.816452,0.417911,-0.02254,-0.011648,-0.0429107,Feeding,Shrimp
438,2017-03-27 19:13:48,0.0837586,-0.359843,-0.815828,0.419629,-0.0268573,-0.008372,-0.0485293,Feeding,Shrimp
439,2017-03-27 19:13:48,0.0865706,-0.359373,-0.815204,0.421348,-0.0273267,-0.012896,-0.046348,Feeding,Shrimp
440,2017-03-27 19:13:48,0.081428,-0.3588,-0.814631,0.422859,-0.0318,-0.00956933,-0.0400587,Feeding,Shrimp
441,2017-03-27 19:13:48,0.0758667,-0.358383,-0.814163,0.424212,-0.0322173,-0.00613733,-0.037512,Feeding,Shrimp
442,2017-03-27 19:13:48,0.0702533,-0.358071,-0.813641,0.425565,-0.0364293,-0.00275867,-0.0310653,Feeding,Shrimp
443,2017-03-27 19:13:48,0.0618787,-0.357863,-0.813225,0.426816,-0.0366373,0.000725329,-0.024516,Feeding,Shrimp
444,2017-03-27 19:13:48,0.0668774,-0.357551,-0.812861,0.428067,-0.0447494,0.000361401,-0.0217666,Feeding,Shrimp
445,2017-03-27 19:13:48,0.071972,-0.357343,-0.812497,0.429317,-0.0489574,0.00779734,-0.0152173,Feeding,Shrimp
446,2017-03-27 19:13:48,0.07286,-0.357029,-0.812081,0.430308,-0.0570707,0.00738134,-0.00840793,Feeding,Shrimp
447,2017-03-27 19:13:48,0.0775427,-0.356664,-0.811821,0.430985,-0.069136,0.00712134,-0.00128531,Feeding,Shrimp
448,2017-03-27 19:13:48,0.078116,-0.356299,-0.811717,0.431297,-0.0695014,0.00701736,-0.00159726,Feeding,Shrimp
449,2017-03-27 19:13:48,0.0983735,-0.355881,-0.811613,0.431559,-0.0777187,0.0108134,0.00984142,Feeding,Shrimp
450,2017-03-27 19:13:49,0.133421,-0.355412,-0.811509,0.431976,-0.074288,0.0263094,0.0328241,Feeding,Shrimp
451,2017-03-27 19:13:49,0.172153,-0.354943,-0.811353,0.432757,-0.0708573,0.0418534,0.0594427,Feeding,Shrimp
452,2017-03-27 19:13:49,0.194772,-0.354473,-0.81104,0.433695,-0.0596267,0.05324,0.0819054,Feeding,Shrimp
453,2017-03-27 19:13:49,0.189832,-0.354004,-0.81078,0.434944,-0.052296,0.05298,0.084556,Feeding,Shrimp
454,2017-03-27 19:13:49,0.180316,-0.353744,-0.810363,0.436403,-0.048556,0.0447627,0.0869973,Feeding,Shrimp
455,2017-03-27 19:13:49,0.194557,-0.35338,-0.809999,0.437861,-0.05292,0.0560986,0.0855387,Feeding,Shrimp
456,2017-03-27 19:13:49,0.192993,-0.353016,-0.809425,0.439216,-0.0180841,0.0789253,0.095984,Feeding,Shrimp
457,2017-03-27 19:13:49,0.174138,-0.3526,-0.808957,0.440519,0.00490011,0.0784571,0.0907812,Feeding,Shrimp
458,2017-03-27 19:13:49,0.137372,-0.352131,-0.808697,0.441456,0.0201309,0.0508972,0.0663437,Feeding,Shrimp
459,2017-03-27 19:13:49,0.0927608,-0.351609,-0.808489,0.442237,0.0547094,0.0271891,0.0108623,Feeding,Shrimp
460,2017-03-27 19:13:49,0.15757,-0.351088,-0.808333,0.442915,0.0737882,-0.0119669,-0.0718151,Feeding,Shrimp
461,2017-03-27 19:13:49,0.360876,-0.350567,-0.808229,0.443539,0.123967,-0.0589707,-0.177939,Feeding,Shrimp
462,2017-03-27 19:13:49,0.384688,-0.350097,-0.808177,0.444268,0.139197,-0.0785226,-0.166968,Feeding,Shrimp
463,2017-03-27 19:13:49,0.342,-0.349472,-0.808073,0.445101,0.158072,-0.0669266,-0.117001,Feeding,Shrimp
464,2017-03-27 19:13:49,0.225264,-0.348795,-0.808021,0.446091,0.133995,-0.0474787,-0.0437906,Feeding,Shrimp
465,2017-03-27 19:13:49,0.163132,-0.348117,-0.807865,0.44708,0.117617,-0.0437347,-0.00177999,Feeding,Shrimp
466,2017-03-27 19:13:49,0.161961,-0.347492,-0.807813,0.448017,0.109192,-0.0319867,0.0207827,Feeding,Shrimp
467,2017-03-27 19:13:49,0.168303,-0.346867,-0.807761,0.448903,0.0812667,-0.0281387,0.0588973,Feeding,Shrimp
468,2017-03-27 19:13:49,0.143604,-0.346241,-0.807605,0.449632,0.0571414,-0.00879472,0.077668,Feeding,Shrimp
469,2017-03-27 19:13:49,0.144313,-0.345616,-0.807553,0.450256,0.0448158,0.0106534,0.0888441,Feeding,Shrimp
470,2017-03-27 19:13:49,0.135159,-0.344939,-0.807501,0.450881,0.0207386,0.0145014,0.0999187,Feeding,Shrimp
471,2017-03-27 19:13:49,0.137808,-0.344261,-0.807501,0.451455,0.0161613,0.0262014,0.0954453,Feeding,Shrimp
472,2017-03-27 19:13:49,0.132601,-0.343532,-0.807449,0.45208,0.015432,0.0340493,0.08312,Feeding,Shrimp
473,2017-03-27 19:13:49,0.115391,-0.342751,-0.807397,0.452757,0.0107507,0.0339973,0.0706426,Feeding,Shrimp
474,2017-03-27 19:13:49,0.0979199,-0.341917,-0.807345,0.453643,0.0138173,0.0260453,0.0580573,Feeding,Shrimp
475,2017-03-27 19:13:50,0.0650533,-0.341188,-0.807241,0.454476,0.001388,0.0181413,0.045524,Feeding,Shrimp
476,2017-03-27 19:13:50,0.0514787,-0.340355,-0.807189,0.455465,0.00445466,0.0141893,0.0328347,Feeding,Shrimp
477,2017-03-27 19:13:50,0.03,-0.339521,-0.807085,0.456507,0.00752133,0.00628535,0.0161934,Feeding,Shrimp
478,2017-03-27 19:13:50,0.00868138,-0.33874,-0.807085,0.457444,0.00284,0.00238535,0.00345603,Feeding,Shrimp
479,2017-03-27 19:13:50,0.0147494,-0.337959,-0.807137,0.458329,-0.00584133,0.00243735,0.00647068,Feeding,Shrimp
480,2017-03-27 19:13:50,0.0216747,-0.337073,-0.807241,0.459111,-0.0106267,-0.00135864,0.00968935,Feeding,Shrimp
481,2017-03-27 19:13:50,0.0217787,-0.33624,-0.807345,0.459736,-0.00756002,-0.00125465,0.012964,Feeding,Shrimp
482,2017-03-27 19:13:50,0.0298919,-0.335303,-0.807501,0.460204,-0.00849731,-0.00109863,0.0202959,Feeding,Shrimp
483,2017-03-27 19:13:50,0.0168332,-0.334312,-0.807761,0.460516,-0.00548796,0.0030613,0.00828393,Feeding,Shrimp
484,2017-03-27 19:13:50,0.0133201,-0.333269,-0.808073,0.460724,0.00126932,-0.00442669,-0.00762408,Feeding,Shrimp
485,2017-03-27 19:13:50,0.0392134,-0.332071,-0.808385,0.460828,7.06744e-05,-0.0119147,-0.027228,Feeding,Shrimp
486,2017-03-27 19:13:50,0.0572547,-0.330872,-0.808749,0.460932,0.00277199,-0.0154507,-0.039032,Feeding,Shrimp
487,2017-03-27 19:13:50,0.0671839,-0.329569,-0.809165,0.46088,0.00146931,-0.0189347,-0.0467799,Feeding,Shrimp
488,2017-03-27 19:13:50,0.0567079,-0.328267,-0.809737,0.460412,-0.00373334,-0.0183626,-0.034612,Feeding,Shrimp
489,2017-03-27 19:13:50,0.040536,-0.327068,-0.810571,0.459475,-0.00493201,-0.00972932,-0.0258746,Feeding,Shrimp
490,2017-03-27 19:13:50,0.0273786,-0.326077,-0.811717,0.458173,-0.0137227,-0.00858265,-0.00507331,Feeding,Shrimp
491,2017-03-27 19:13:50,0.0389093,-0.325191,-0.812916,0.456716,-0.0264093,0.000416004,0.012084,Feeding,Shrimp
492,2017-03-27 19:13:50,0.0501987,-0.324411,-0.814011,0.455101,-0.0232894,0.00541067,0.0214987,Feeding,Shrimp
493,2017-03-27 19:13:50,0.060916,-0.324411,-0.815313,0.453487,-0.0232893,0.0106133,0.0270133,Feeding,Shrimp
494,2017-03-27 19:13:50,0.0560839,-0.324203,-0.816407,0.45182,-0.0195973,0.0156066,0.02088,Feeding,Shrimp
495,2017-03-27 19:13:50,0.0406027,-0.324203,-0.818593,0.449788,-0.0155973,0.00999335,0.015012,Feeding,Shrimp
496,2017-03-27 19:13:50,0.036864,-0.323995,-0.82026,0.447601,-0.0158053,0.01166,0.00939867,Feeding,Shrimp
497,2017-03-27 19:13:50,0.0391027,-0.323995,-0.821249,0.446352,-0.0158053,0.0165493,0.00674802,Feeding,Shrimp
498,2017-03-27 19:13:50,0.0393627,-0.3241,-0.821667,0.446404,-0.0157,0.0169667,0.00669602,Feeding,Shrimp
499,2017-03-27 19:13:50,0.0368627,-0.324933,-0.821459,0.447863,-0.0148667,0.0128587,0.00913736,Feeding,Shrimp
500,2017-03-27 19:13:51,0.0342054,-0.32608,-0.821147,0.449061,-0.00982,0.0125467,0.0118387,Feeding,Shrimp
501,2017-03-27 19:13:51,0.0313414,-0.327955,-0.820835,0.449739,-0.00794534,0.00833467,0.0150613,Feeding,Shrimp
502,2017-03-27 19:13:51,0.0296734,-0.330195,-0.821251,0.449583,-0.00570534,0.00875067,0.0152173,Feeding,Shrimp
503,2017-03-27 19:13:51,0.0188,-0.33384,-0.821041,0.448801,-0.00206,0.00464134,0.0120987,Feeding,Shrimp
504,2017-03-27 19:13:51,0.01948,-0.334152,-0.820313,0.447081,-0.00564799,0.00391334,0.00991869,Feeding,Shrimp
505,2017-03-27 19:13:51,0.0233867,-0.332329,-0.820471,0.445155,-0.00747066,0.00797066,0.00794536,Feeding,Shrimp
506,2017-03-27 19:13:51,0.022612,-0.330975,-0.821096,0.444009,-0.00492534,0.008596,0.00909068,Feeding,Shrimp
507,2017-03-27 19:13:51,0.014916,-0.330609,-0.820835,0.444009,-0.00529067,0.00443464,0.00519065,Feeding,Shrimp
508,2017-03-27 19:13:51,0.00758397,-0.329568,-0.820417,0.444165,-0.00633197,0.000117334,0.00113466,Feeding,Shrimp
509,2017-03-27 19:13:51,0.00599065,-0.328839,-0.820364,0.444165,-0.00316131,6.40023e-05,-0.00276534,Feeding,Shrimp
510,2017-03-27 19:13:51,0.00705199,-0.328423,-0.820573,0.443956,0.000322686,0.000273336,-0.00645597,Feeding,Shrimp
511,2017-03-27 19:13:51,0.00674132,-0.327955,-0.820783,0.443904,0.00375466,0.000482669,-0.002504,Feeding,Shrimp
512,2017-03-27 19:13:51,0.00713595,-0.327851,-0.821043,0.443644,-0.00024932,0.000742669,-0.00614397,Feeding,Shrimp
513,2017-03-27 19:13:51,0.0068827,-0.327695,-0.821407,0.443019,0.00349467,0.00110667,0.00228136,Feeding,Shrimp
514,2017-03-27 19:13:51,0.016296,-0.327643,-0.822031,0.441977,0.00344267,0.00173067,0.0111227,Feeding,Shrimp
515,2017-03-27 19:13:51,0.0182227,-0.327539,-0.822708,0.440831,-0.00446133,-0.00149199,0.0122694,Feeding,Shrimp
516,2017-03-27 19:13:51,0.0188987,-0.327227,-0.823489,0.439685,-0.00477333,-0.000710663,0.0134147,Feeding,Shrimp
517,2017-03-27 19:13:51,0.0160414,-0.326809,-0.823957,0.438592,-0.00129067,-0.000242663,0.014508,Feeding,Shrimp
518,2017-03-27 19:13:51,0.0223213,-0.326028,-0.824739,0.437289,-0.00597198,0.00443866,0.0119107,Feeding,Shrimp
519,2017-03-27 19:13:51,0.0129667,-0.325871,-0.82552,0.435883,-0.00612933,0.00132,0.00551732,Feeding,Shrimp
520,2017-03-27 19:13:51,0.0109947,-0.325557,-0.825936,0.434684,-0.00644269,0.00173598,0.00281601,Feeding,Shrimp
521,2017-03-27 19:13:51,0.015688,-0.325453,-0.826352,0.434007,-0.0104467,-0.001748,0.00349334,Feeding,Shrimp
522,2017-03-27 19:13:51,0.015896,-0.325349,-0.826716,0.433539,-0.0105507,-0.00138402,0.00396134,Feeding,Shrimp
523,2017-03-27 19:13:51,0.0200547,-0.325089,-0.827081,0.433175,-0.0108107,-0.00491866,0.00432534,Feeding,Shrimp
524,2017-03-27 19:13:51,0.0201586,-0.324829,-0.827603,0.432809,-0.0110707,-0.00439732,0.00469065,Feeding,Shrimp
525,2017-03-27 19:13:52,0.010984,-0.324257,-0.827916,0.432757,-0.00774267,-0.000184004,-0.00305734,Feeding,Shrimp
526,2017-03-27 19:13:52,0.0264787,-0.32332,-0.828385,0.432184,-0.01258,-0.00361467,-0.010284,Feeding,Shrimp
527,2017-03-27 19:13:52,0.044672,-0.322539,-0.829271,0.430881,-0.0172613,-0.0145293,-0.0128813,Feeding,Shrimp
528,2017-03-27 19:13:52,0.0554333,-0.321759,-0.829792,0.429684,-0.0180413,-0.017908,-0.019484,Feeding,Shrimp
529,2017-03-27 19:13:52,0.0664466,-0.320977,-0.830313,0.428537,-0.0228227,-0.0173867,-0.0262373,Feeding,Shrimp
530,2017-03-27 19:13:52,0.131596,-0.320248,-0.830939,0.427183,-0.0860518,-0.0206613,-0.0248827,Feeding,Shrimp
531,2017-03-27 19:13:52,0.0709334,-0.319363,-0.831772,0.425724,-0.0361375,0.0192719,-0.015524,Feeding,Shrimp
532,2017-03-27 19:13:52,0.136223,-0.318529,-0.832761,0.424213,-0.0291704,-0.0617386,-0.0453136,Feeding,Shrimp
533,2017-03-27 19:13:52,0.129249,-0.317644,-0.833699,0.422704,0.00124412,-0.0491012,-0.0789039,Feeding,Shrimp
534,2017-03-27 19:13:52,0.102673,-0.316759,-0.834636,0.421351,0.0198587,-0.020864,-0.0619506,Feeding,Shrimp
535,2017-03-27 19:13:52,0.0914373,-0.315873,-0.835781,0.419945,0.0306733,-0.0158187,-0.0449453,Feeding,Shrimp
536,2017-03-27 19:13:52,0.0837894,-0.314468,-0.836979,0.4188,0.025368,-0.0146214,-0.0438,Feeding,Shrimp
537,2017-03-27 19:13:52,0.0917412,-0.313063,-0.838124,0.417603,0.0161626,-0.025176,-0.0504026,Feeding,Shrimp
538,2017-03-27 19:13:52,0.0682001,-0.312229,-0.839479,0.415208,-0.0197707,-0.0121214,-0.036308,Feeding,Shrimp
539,2017-03-27 19:13:52,0.1399,-0.311709,-0.840624,0.413333,-0.0710907,-0.046076,-0.0227333,Feeding,Shrimp
540,2017-03-27 19:13:52,0.223548,-0.311033,-0.841509,0.411772,-0.192867,0.00560931,-0.025072,Feeding,Shrimp
541,2017-03-27 19:13:52,0.176313,-0.310409,-0.842447,0.410157,0.048709,0.0572466,-0.0703573,Feeding,Shrimp
542,2017-03-27 19:13:52,0.23034,-0.309733,-0.843436,0.408543,0.180833,-0.00426385,-0.0452427,Feeding,Shrimp
543,2017-03-27 19:13:52,0.174745,-0.3089,-0.844269,0.407085,0.1214,-0.0190306,0.0343144,Feeding,Shrimp
544,2017-03-27 19:13:52,0.235994,-0.308119,-0.845103,0.405628,0.0347189,0.0678028,0.133472,Feeding,Shrimp
545,2017-03-27 19:13:52,0.303908,-0.307495,-0.845936,0.404223,0.0613945,0.0842359,0.158277,Feeding,Shrimp
546,2017-03-27 19:13:52,0.247284,-0.307131,-0.846769,0.402816,0.0337305,0.0694693,0.144084,Feeding,Shrimp
547,2017-03-27 19:13:52,0.186824,-0.306923,-0.847707,0.401305,0.0100227,0.0586067,0.118195,Feeding,Shrimp
548,2017-03-27 19:13:52,0.189272,-0.306819,-0.848696,0.399743,0.00991858,0.059596,0.119757,Feeding,Shrimp
549,2017-03-27 19:13:52,0.156491,-0.306767,-0.849581,0.398024,-0.0135333,0.0487813,0.0941759,Feeding,Shrimp
550,2017-03-27 19:13:53,0.112143,-0.306715,-0.850467,0.396409,-0.0213853,0.0340666,0.0566906,Feeding,Shrimp
551,2017-03-27 19:13:53,0.0523986,-0.306663,-0.851352,0.394691,-0.0253373,0.011552,0.0155093,Feeding,Shrimp
552,2017-03-27 19:13:53,0.0243427,-0.306611,-0.852185,0.392868,-0.0175893,0.000585337,-0.00616799,Feeding,Shrimp
553,2017-03-27 19:13:53,0.03258,-0.306455,-0.852915,0.391149,-0.00604534,-0.0103853,-0.0161493,Feeding,Shrimp
554,2017-03-27 19:13:53,0.026624,-0.306299,-0.853592,0.389431,-0.00620133,0.013792,-0.00663067,Feeding,Shrimp
555,2017-03-27 19:13:53,0.0467411,-0.306195,-0.854217,0.387764,0.0170946,-0.0129826,-0.016664,Feeding,Shrimp
556,2017-03-27 19:13:53,0.0572158,-0.306091,-0.854895,0.386201,-0.0259092,-0.0123053,-0.0190013,Feeding,Shrimp
557,2017-03-27 19:13:53,0.0356817,-0.3063,-0.855624,0.384743,-0.0140001,0.015824,0.00585754,Feeding,Shrimp
558,2017-03-27 19:13:53,0.0804519,-0.306561,-0.856249,0.383336,-0.0254386,0.0203493,0.034664,Feeding,Shrimp
559,2017-03-27 19:13:53,0.0698452,-0.307135,-0.856719,0.382139,-0.0170653,0.0169186,0.0358613,Feeding,Shrimp
560,2017-03-27 19:13:53,0.0400039,-0.30724,-0.85698,0.380836,-0.00525998,0.00927993,0.025464,Feeding,Shrimp
561,2017-03-27 19:13:53,0.0223319,-0.307345,-0.857189,0.379533,-0.00125458,-0.00611063,0.0149667,Feeding,Shrimp
562,2017-03-27 19:13:53,0.0600693,-0.307293,-0.857607,0.378231,0.0220934,0.00600664,0.0319693,Feeding,Shrimp
563,2017-03-27 19:13:53,0.0566893,-0.307345,-0.858128,0.376928,0.0456453,-0.00517203,0.00587195,Feeding,Shrimp
564,2017-03-27 19:13:53,0.101983,-0.307607,-0.858701,0.375677,0.0342067,-0.0279987,-0.0397773,Feeding,Shrimp
565,2017-03-27 19:13:53,0.0379774,-0.308128,-0.859221,0.374271,0.026828,-0.000178678,-0.0109707,Feeding,Shrimp
566,2017-03-27 19:13:53,0.0335707,-0.308493,-0.859637,0.37276,0.0154934,0.00803732,0.01004,Feeding,Shrimp
567,2017-03-27 19:13:53,0.0239,-0.308701,-0.860001,0.371303,0.0157013,0.00450134,0.00369736,Feeding,Shrimp
568,2017-03-27 19:13:53,0.0349173,-0.308076,-0.860209,0.369949,0.026776,-0.00699062,0.00115069,Feeding,Shrimp
569,2017-03-27 19:13:53,0.0500841,-0.308128,-0.860887,0.368543,0.0268281,-0.0141134,-0.00914271,Feeding,Shrimp
570,2017-03-27 19:13:53,0.0691106,-0.308128,-0.860523,0.367605,0.034728,-0.0183773,-0.0160053,Feeding,Shrimp
571,2017-03-27 19:13:53,0.0659908,-0.308649,-0.860159,0.3675,0.0352493,-0.0187414,-0.012,Feeding,Shrimp
572,2017-03-27 19:13:53,0.0858028,-0.309431,-0.860263,0.367135,0.0360309,-0.0303373,-0.0194346,Feeding,Shrimp
573,2017-03-27 19:13:53,0.111156,-0.31042,-0.860523,0.366041,0.07602,-0.0339773,0.00115868,Feeding,Shrimp
574,2017-03-27 19:13:53,0.113238,-0.311877,-0.860471,0.365468,0.0774772,-0.0340294,0.00173176,Feeding,Shrimp
575,2017-03-27 19:13:54,0.173676,-0.313179,-0.860211,0.365208,0.0397786,-0.0499893,-0.0839079,Feeding,Shrimp
576,2017-03-27 19:13:54,0.095736,-0.313908,-0.860159,0.364687,0.017008,-0.0382413,-0.0404866,Feeding,Shrimp
577,2017-03-27 19:13:54,0.0639147,-0.3137,-0.859691,0.363905,0.0285,-0.0192093,-0.0162053,Feeding,Shrimp
578,2017-03-27 19:13:54,0.0725373,-0.311669,-0.859952,0.36302,0.0225693,-0.026748,-0.02322,Feeding,Shrimp
579,2017-03-27 19:13:54,0.0803386,-0.312972,-0.860993,0.36276,0.023872,-0.0296067,-0.02686,Feeding,Shrimp
580,2017-03-27 19:13:54,0.0708267,-0.316097,-0.861305,0.362135,0.0387973,-0.0136947,-0.0183347,Feeding,Shrimp
581,2017-03-27 19:13:54,0.071088,-0.318337,-0.861461,0.360312,0.0410373,-0.0135387,-0.016512,Feeding,Shrimp
582,2017-03-27 19:13:54,0.0600106,-0.319536,-0.862712,0.357187,0.0304359,-0.016188,-0.0133867,Feeding,Shrimp
583,2017-03-27 19:13:54,0.0451294,-0.321099,-0.864171,0.353801,0.0124986,-0.0186294,-0.0140014,Feeding,Shrimp
584,2017-03-27 19:13:54,0.053756,-0.322349,-0.865369,0.350676,0.00594932,-0.0252307,-0.022576,Feeding,Shrimp
585,2017-03-27 19:13:54,0.058692,-0.323235,-0.866359,0.347916,0.00293467,-0.0281413,-0.027616,Feeding,Shrimp
586,2017-03-27 19:13:54,0.05588,-0.324016,-0.867348,0.345312,0.00371599,-0.019352,-0.032812,Feeding,Shrimp
587,2017-03-27 19:13:54,0.045528,-0.324485,-0.868233,0.343176,0.000285344,-0.0184667,-0.026776,Feeding,Shrimp
588,2017-03-27 19:13:54,0.0474493,-0.324747,-0.868911,0.341613,0.00444667,-0.0177893,-0.0252133,Feeding,Shrimp
589,2017-03-27 19:13:54,0.04256,-0.324956,-0.869276,0.34078,0.004656,-0.013524,-0.02438,Feeding,Shrimp
590,2017-03-27 19:13:54,0.0304973,-0.325321,-0.869432,0.340208,0.00502133,-0.009468,-0.016008,Feeding,Shrimp
591,2017-03-27 19:13:54,0.0265467,-0.325791,-0.869536,0.339792,0.00549067,-0.00546401,-0.015592,Feeding,Shrimp
592,2017-03-27 19:13:54,0.0180694,-0.32626,-0.870109,0.339219,0.00596,-0.000990676,-0.0111187,Feeding,Shrimp
593,2017-03-27 19:13:54,0.0112067,-0.327145,-0.870005,0.339167,0.00294535,-0.00109467,-0.00716668,Feeding,Shrimp
594,2017-03-27 19:13:54,0.0337506,-0.328604,-0.870735,0.338489,-0.019096,-0.00816528,-0.00648934,Feeding,Shrimp
595,2017-03-27 19:13:54,0.0278708,-0.329437,-0.871204,0.337604,-0.0221628,0.000104046,-0.0056039,Feeding,Shrimp
596,2017-03-27 19:13:54,0.0663692,-0.330584,-0.871048,0.337395,-0.0483158,0.00774808,0.0103053,Feeding,Shrimp
597,2017-03-27 19:13:54,0.0385013,-0.331521,-0.870788,0.336665,-0.0122787,0.023088,0.00313467,Feeding,Shrimp
598,2017-03-27 19:13:54,0.0387626,-0.332459,-0.870788,0.335467,-0.0113413,0.0230879,0.00433333,Feeding,Shrimp
599,2017-03-27 19:13:54,0.0144159,-0.333188,-0.870632,0.333904,0.00118799,0.00733198,0.00589598,Feeding,Shrimp
600,2017-03-27 19:13:55,0.00538801,-0.333916,-0.87058,0.331976,-0.00198404,0.00337998,2.39932e-05,Feeding,Shrimp
601,2017-03-27 19:13:55,0.0272241,-0.334801,-0.870632,0.330257,-0.0206987,-0.00436801,-0.00215735,Feeding,Shrimp
602,2017-03-27 19:13:55,0.0723053,-0.335531,-0.87058,0.329216,-0.0433693,-0.01222,-0.016716,Feeding,Shrimp
603,2017-03-27 19:13:55,0.0700147,-0.336103,-0.870996,0.327913,-0.0310973,-0.00790401,-0.0310133,Feeding,Shrimp
604,2017-03-27 19:13:55,0.0600814,-0.336519,-0.871516,0.326716,-0.0228813,-0.00348401,-0.033716,Feeding,Shrimp
605,2017-03-27 19:13:55,0.05202,-0.336987,-0.871984,0.325623,-0.0224133,0.00478397,-0.0248227,Feeding,Shrimp
606,2017-03-27 19:13:55,0.0505107,-0.337715,-0.872244,0.324581,-0.0216853,0.00894398,-0.0198813,Feeding,Shrimp
607,2017-03-27 19:13:55,0.0296039,-0.338131,-0.872504,0.323331,-0.00956939,0.00530408,-0.0147305,Feeding,Shrimp
608,2017-03-27 19:13:55,0.0485559,-0.33834,-0.872816,0.32182,-0.01716,0.0173159,0.01408,Feeding,Shrimp
609,2017-03-27 19:13:55,0.0390438,-0.338288,-0.873233,0.320101,-0.017212,0.00993329,0.0118985,Feeding,Shrimp
610,2017-03-27 19:13:55,0.0494614,-0.33808,-0.873651,0.318591,-0.0213202,0.00255076,-0.0255905,Feeding,Shrimp
611,2017-03-27 19:13:55,0.101504,-0.338392,-0.874016,0.31682,-0.060008,0.026316,0.0151801,Feeding,Shrimp
612,2017-03-27 19:13:55,0.119392,-0.338392,-0.874329,0.314945,-0.056108,0.0305293,0.0327547,Feeding,Shrimp
613,2017-03-27 19:13:55,0.102396,-0.338601,-0.875111,0.312913,-0.0480986,0.0274107,0.0268867,Feeding,Shrimp
614,2017-03-27 19:13:55,0.0752587,-0.337664,-0.875944,0.310621,-0.029536,0.024344,0.0213787,Feeding,Shrimp
615,2017-03-27 19:13:55,0.0470294,-0.337091,-0.876413,0.308693,-0.0145093,0.0209133,0.0116067,Feeding,Shrimp
616,2017-03-27 19:13:55,0.0518733,-0.33532,-0.876935,0.306141,-0.02408,0.0136347,0.0141587,Feeding,Shrimp
617,2017-03-27 19:13:55,0.0485014,-0.334225,-0.877612,0.303485,-0.0290747,0.00651202,0.0129147,Feeding,Shrimp
618,2017-03-27 19:13:55,0.0301534,-0.333705,-0.878863,0.300204,-0.0217947,0.00386267,0.00449604,Feeding,Shrimp
619,2017-03-27 19:13:55,0.0470107,-0.333289,-0.880165,0.296765,-0.0300107,0.00906533,0.0079347,Feeding,Shrimp
620,2017-03-27 19:13:55,0.0563814,-0.332664,-0.881468,0.293223,-0.030636,0.010368,0.0153774,Feeding,Shrimp
621,2017-03-27 19:13:55,0.0735507,-0.331779,-0.882719,0.289889,-0.0354213,0.0155187,0.0226107,Feeding,Shrimp
622,2017-03-27 19:13:55,0.0787067,-0.330789,-0.883917,0.286921,-0.0325106,0.0206173,0.0255787,Feeding,Shrimp
623,2017-03-27 19:13:55,0.0877107,-0.329488,-0.88496,0.284161,-0.026012,0.02166,0.0400387,Feeding,Shrimp
624,2017-03-27 19:13:55,0.096768,-0.328029,-0.886107,0.281609,-0.0274707,0.0189067,0.0503907,Feeding,Shrimp
625,2017-03-27 19:13:56,0.0980254,-0.326415,-0.887201,0.279161,-0.0212853,0.0200013,0.0567387,Feeding,Shrimp
626,2017-03-27 19:13:56,0.114879,-0.3248,-0.888348,0.276869,-0.0229,0.021148,0.0708307,Feeding,Shrimp
627,2017-03-27 19:13:56,0.123676,-0.323237,-0.889495,0.274681,-0.0283627,0.0261947,0.0691187,Feeding,Shrimp
628,2017-03-27 19:13:56,0.117081,-0.321623,-0.890693,0.272389,-0.0260774,0.0195933,0.0714107,Feeding,Shrimp
629,2017-03-27 19:13:56,0.106591,-0.320008,-0.891996,0.270097,-0.027692,0.00919602,0.0697027,Feeding,Shrimp
630,2017-03-27 19:13:56,0.170501,-0.318133,-0.893141,0.267807,-0.0373667,0.0337413,0.0993932,Feeding,Shrimp
631,2017-03-27 19:13:56,0.203481,-0.316155,-0.894548,0.265516,-0.125245,-0.0273518,0.0508842,Feeding,Shrimp
632,2017-03-27 19:13:56,0.150557,-0.314383,-0.895851,0.262912,-0.0684176,0.020851,0.0612886,Feeding,Shrimp
633,2017-03-27 19:13:56,0.320645,-0.312612,-0.897153,0.259996,-0.105388,0.0729533,0.142304,Feeding,Shrimp
634,2017-03-27 19:13:56,0.268138,-0.310529,-0.898299,0.257131,-0.0839706,0.0779985,0.106169,Feeding,Shrimp
635,2017-03-27 19:13:56,0.187762,-0.308967,-0.899704,0.254475,-0.0738333,0.052004,0.0619252,Feeding,Shrimp
636,2017-03-27 19:13:56,0.130991,-0.307404,-0.901109,0.251715,-0.0558959,0.0495093,0.0255853,Feeding,Shrimp
637,2017-03-27 19:13:56,0.105157,-0.305999,-0.902359,0.248903,-0.0338013,0.0546586,0.0166973,Feeding,Shrimp
638,2017-03-27 19:13:56,0.067724,-0.304645,-0.903608,0.246039,-0.0234547,0.036408,0.00786134,Feeding,Shrimp
639,2017-03-27 19:13:56,0.06144,-0.303187,-0.904753,0.243227,-0.0249133,0.0219533,0.0145733,Feeding,Shrimp
640,2017-03-27 19:13:56,0.062748,-0.30152,-0.905691,0.240623,-0.02268,0.0150907,0.0249773,Feeding,Shrimp
641,2017-03-27 19:13:56,0.094992,-0.300061,-0.90668,0.238227,-0.0241387,0.01608,0.0547733,Feeding,Shrimp
642,2017-03-27 19:13:56,0.10384,-0.298603,-0.907669,0.235727,-0.0294973,0.0170693,0.0572733,Feeding,Shrimp
643,2017-03-27 19:13:56,0.120644,-0.297196,-0.908815,0.233175,-0.038704,0.0221146,0.0598253,Feeding,Shrimp
644,2017-03-27 19:13:56,0.0670436,-0.295893,-0.910064,0.230727,-0.0166065,0.0155639,0.0348731,Feeding,Shrimp
645,2017-03-27 19:13:56,0.0246293,-0.294747,-0.911209,0.228227,0.00564678,0.00890927,0.0100733,Feeding,Shrimp
646,2017-03-27 19:13:56,0.027596,-0.293496,-0.912563,0.225363,0.0239961,0.00236259,0.00123738,Feeding,Shrimp
647,2017-03-27 19:13:56,0.0544347,-0.292245,-0.91376,0.222551,0.0344453,-0.00814001,0.0118493,Feeding,Shrimp
648,2017-03-27 19:13:56,0.0539667,-0.290891,-0.914905,0.220519,0.0330907,-0.00699466,0.0138813,Feeding,Shrimp
649,2017-03-27 19:13:56,0.0656664,-0.289224,-0.915999,0.217759,0.0548238,-0.00200149,0.00884105,Feeding,Shrimp
650,2017-03-27 19:13:57,0.138568,-0.287505,-0.917456,0.214529,-0.00159456,-0.051344,-0.0856293,Feeding,Shrimp
651,2017-03-27 19:13:57,0.161059,-0.285891,-0.918653,0.211821,0.0592906,-0.0422466,-0.0595213,Feeding,Shrimp
652,2017-03-27 19:13:57,0.053736,-0.284224,-0.919799,0.209113,0.042024,0.00569866,-0.00601334,Feeding,Shrimp
653,2017-03-27 19:13:57,0.189847,-0.283025,-0.920892,0.206613,0.126725,-0.004908,-0.0582133,Feeding,Shrimp
654,2017-03-27 19:13:57,0.161395,-0.281723,-0.922037,0.204009,0.0747227,-0.0193626,-0.0673093,Feeding,Shrimp
655,2017-03-27 19:13:57,0.191911,-0.280576,-0.923027,0.201561,0.0422761,-0.0457733,-0.103861,Feeding,Shrimp
656,2017-03-27 19:13:57,0.195852,-0.279795,-0.923964,0.199321,0.0336947,-0.048736,-0.113421,Feeding,Shrimp
657,2017-03-27 19:13:57,0.207181,-0.278857,-0.924953,0.196977,0.0366573,-0.0516467,-0.118877,Feeding,Shrimp
658,2017-03-27 19:13:57,0.191107,-0.27792,-0.925891,0.194477,0.03572,-0.0507094,-0.104677,Feeding,Shrimp
659,2017-03-27 19:13:57,0.174724,-0.276931,-0.92688,0.191873,0.0347308,-0.05362,-0.0863733,Feeding,Shrimp
660,2017-03-27 19:13:57,0.174093,-0.276097,-0.927973,0.189269,0.0533974,-0.0447267,-0.0759693,Feeding,Shrimp
661,2017-03-27 19:13:57,0.173511,-0.275368,-0.929067,0.186509,0.064468,-0.0436333,-0.0654093,Feeding,Shrimp
662,2017-03-27 19:13:57,0.161128,-0.274535,-0.930056,0.183749,0.0714347,-0.038744,-0.0509493,Feeding,Shrimp
663,2017-03-27 19:13:57,0.152697,-0.273805,-0.931045,0.180937,0.0746053,-0.0416547,-0.0364373,Feeding,Shrimp
664,2017-03-27 19:13:57,0.132617,-0.273128,-0.931983,0.178072,0.070028,-0.0368173,-0.025772,Feeding,Shrimp
665,2017-03-27 19:13:57,0.131985,-0.272399,-0.933076,0.175363,0.0731986,-0.035724,-0.0230627,Feeding,Shrimp
666,2017-03-27 19:13:57,0.132081,-0.271981,-0.933701,0.172601,0.0727813,-0.0389987,-0.0203013,Feeding,Shrimp
667,2017-03-27 19:13:57,0.127351,-0.271356,-0.934587,0.169581,0.0916559,-0.0224134,-0.0132813,Feeding,Shrimp
668,2017-03-27 19:13:57,0.141585,-0.270261,-0.935628,0.166352,0.0944613,-0.0409719,-0.00615201,Feeding,Shrimp
669,2017-03-27 19:13:57,0.121659,-0.268543,-0.935888,0.163904,0.0537426,-0.0407119,-0.0272042,Feeding,Shrimp
670,2017-03-27 19:13:57,0.128676,-0.267449,-0.936721,0.161248,0.0486493,-0.0320785,-0.0479479,Feeding,Shrimp
671,2017-03-27 19:13:57,0.0789053,-0.265783,-0.938232,0.157655,0.0430826,-0.010968,-0.0248546,Feeding,Shrimp
672,2017-03-27 19:13:57,0.065116,-0.264533,-0.939951,0.154633,0.0379333,-0.0131493,-0.0140334,Feeding,Shrimp
673,2017-03-27 19:13:57,0.0683334,-0.263596,-0.9412,0.152237,0.036996,-0.0119,-0.0194373,Feeding,Shrimp
674,2017-03-27 19:13:57,0.072384,-0.262815,-0.942345,0.150415,0.0362146,-0.0146547,-0.0215147,Feeding,Shrimp
675,2017-03-27 19:13:58,0.076956,-0.262399,-0.943491,0.148748,0.0279986,-0.0174093,-0.031548,Feeding,Shrimp
676,2017-03-27 19:13:58,0.06286,-0.262295,-0.944324,0.147289,0.0161946,-0.016576,-0.0300893,Feeding,Shrimp
677,2017-03-27 19:13:58,0.045176,-0.262191,-0.944845,0.145831,0.00829066,-0.00825467,-0.0286307,Feeding,Shrimp
678,2017-03-27 19:13:58,0.0393493,-0.262139,-0.945263,0.144373,0.00433866,-0.00783734,-0.0271733,Feeding,Shrimp
679,2017-03-27 19:13:58,0.0528653,-0.262139,-0.945628,0.142655,0.0121386,-0.00357201,-0.0371546,Feeding,Shrimp
680,2017-03-27 19:13:58,0.0467773,-0.262139,-0.946045,0.140884,0.00823867,-0.00705466,-0.031484,Feeding,Shrimp
681,2017-03-27 19:13:58,0.0286774,-0.261931,-0.946567,0.139113,0.000230688,-0.0104333,-0.0180134,Feeding,Shrimp
682,2017-03-27 19:13:58,0.0231627,-0.262139,-0.947036,0.13776,0.000438661,-0.00606404,-0.01666,Feeding,Shrimp
683,2017-03-27 19:13:58,0.0271133,-0.262711,-0.946828,0.137031,0.00101066,-0.010172,-0.0159307,Feeding,Shrimp
684,2017-03-27 19:13:58,0.0228999,-0.263596,-0.946984,0.135988,0.00189602,-0.00611603,-0.0148879,Feeding,Shrimp
685,2017-03-27 19:13:58,0.0226651,-0.264221,-0.946619,0.134737,0.00642126,-0.0103812,0.0058626,Feeding,Shrimp
686,2017-03-27 19:13:58,0.0335946,-0.265003,-0.946411,0.133487,-0.00839731,0.0167106,-0.00848673,Feeding,Shrimp
687,2017-03-27 19:13:58,0.0344412,-0.266356,-0.946411,0.132496,0.000755995,-0.00668931,-0.0269959,Feeding,Shrimp
688,2017-03-27 19:13:58,0.0131413,-0.266668,-0.945681,0.132808,0.00106803,0.00818132,0.00389198,Feeding,Shrimp
689,2017-03-27 19:13:58,0.037496,-0.267969,-0.945265,0.132861,0.0257693,0.00776533,-0.00396134,Feeding,Shrimp
690,2017-03-27 19:13:58,0.0162653,-0.269376,-0.945473,0.132184,0.00767601,0.00797333,0.000615993,Feeding,Shrimp
691,2017-03-27 19:13:58,0.0211893,-0.271823,-0.945317,0.132184,0.0101227,-0.00388266,-0.00718399,Feeding,Shrimp
692,2017-03-27 19:13:58,0.00466929,-0.273541,-0.944849,0.13234,-0.00375863,-0.000450683,0.000459977,Feeding,Shrimp
693,2017-03-27 19:13:58,0.0268159,-0.274843,-0.94412,0.133121,-0.0220573,-0.00118001,0.00357865,Feeding,Shrimp
694,2017-03-27 19:13:58,0.0240814,-0.276092,-0.943391,0.134164,-0.016908,-0.00190931,-0.00526406,Feeding,Shrimp
695,2017-03-27 19:13:58,0.0309747,-0.277393,-0.942557,0.135311,-0.0156067,0.00115733,-0.0142107,Feeding,Shrimp
696,2017-03-27 19:13:58,0.0336773,-0.278748,-0.941724,0.136301,-0.014252,0.00032397,-0.0191013,Feeding,Shrimp
697,2017-03-27 19:13:58,0.0451987,-0.280259,-0.940681,0.137239,-0.0205413,-0.00461867,-0.0200387,Feeding,Shrimp
698,2017-03-27 19:13:58,0.0449386,-0.281977,-0.939952,0.137968,-0.0188226,-0.00534799,-0.020768,Feeding,Shrimp
699,2017-03-27 19:13:58,0.0249187,-0.283592,-0.939327,0.138437,-0.009408,-0.00207334,-0.0134373,Feeding,Shrimp
700,2017-03-27 19:13:59,0.0243467,-0.285259,-0.938545,0.138751,-0.00774134,-0.00285467,-0.0137506,Feeding,Shrimp
701,2017-03-27 19:13:59,0.015876,-0.287187,-0.937555,0.138908,-0.00971333,5.46528e-05,-0.00610799,Feeding,Shrimp
702,2017-03-27 19:13:59,0.018004,-0.288957,-0.936877,0.138961,-0.00794267,-0.00842267,0.00163867,Feeding,Shrimp
703,2017-03-27 19:13:59,0.0464986,-0.290676,-0.936356,0.139119,-0.025724,0.018356,-0.00241866,Feeding,Shrimp
704,2017-03-27 19:13:59,0.0476946,-0.292499,-0.935835,0.139328,-0.00830136,-0.0133653,-0.026028,Feeding,Shrimp
705,2017-03-27 19:13:59,0.037748,-0.294687,-0.935471,0.139432,0.0212866,-0.00202937,-0.014432,Feeding,Shrimp
706,2017-03-27 19:13:59,0.0289692,-0.296821,-0.934741,0.139432,-0.0156785,-0.00665866,-0.00663203,Feeding,Shrimp
707,2017-03-27 19:13:59,0.0206492,-0.298436,-0.933908,0.139693,-0.00236394,-0.003592,-0.0146933,Feeding,Shrimp
708,2017-03-27 19:13:59,0.0187853,-0.300103,-0.933231,0.140213,0.00710262,-0.00426941,-0.00741331,Feeding,Shrimp
709,2017-03-27 19:13:59,0.0209706,-0.301664,-0.932867,0.140473,0.000863938,-0.0163333,-0.00377333,Feeding,Shrimp
710,2017-03-27 19:13:59,0.0223106,-0.303173,-0.932399,0.140683,-0.00932663,-0.00900132,-0.00398265,Feeding,Shrimp
711,2017-03-27 19:13:59,0.00598267,-0.304683,-0.931931,0.140996,-1.73476e-05,-0.00556932,-0.000395998,Feeding,Shrimp
712,2017-03-27 19:13:59,0.00546268,-0.305984,-0.931515,0.141361,-0.00261603,-0.00208533,-0.000761323,Feeding,Shrimp
713,2017-03-27 19:13:59,0.0167707,-0.307337,-0.931047,0.142039,-0.0129627,0.00134667,0.00246134,Feeding,Shrimp
714,2017-03-27 19:13:59,0.0256067,-0.308848,-0.930319,0.142664,-0.011452,0.00841866,0.005736,Feeding,Shrimp
715,2017-03-27 19:13:59,0.02908,-0.3114,-0.929173,0.143393,-0.0089,0.00727333,0.0129067,Feeding,Shrimp
716,2017-03-27 19:13:59,0.04244,-0.312181,-0.928392,0.144071,-0.0120187,0.010392,0.0200293,Feeding,Shrimp
717,2017-03-27 19:13:59,0.0365627,-0.313171,-0.927976,0.144643,-0.0149293,0.006076,0.0155573,Feeding,Shrimp
718,2017-03-27 19:13:59,0.0229374,-0.31416,-0.927612,0.145215,-0.00614002,0.00181201,0.0149853,Feeding,Shrimp
719,2017-03-27 19:13:59,0.0341839,-0.315045,-0.927092,0.145579,-0.0130547,-0.00260768,0.0185215,Feeding,Shrimp
720,2017-03-27 19:13:59,0.0934409,-0.315983,-0.926572,0.146048,-0.0160174,0.0398718,0.0375518,Feeding,Shrimp
721,2017-03-27 19:13:59,0.0248053,-0.317077,-0.926,0.146517,-0.0188225,0.00410015,0.00188262,Feeding,Shrimp
722,2017-03-27 19:13:59,0.0509426,-0.318224,-0.92548,0.147039,0.0135239,0.0309799,-0.00643867,Feeding,Shrimp
723,2017-03-27 19:13:59,0.0283305,-0.319423,-0.924856,0.147352,0.0030226,0.018556,-0.00675196,Feeding,Shrimp
724,2017-03-27 19:13:59,0.0265613,-0.320413,-0.924596,0.147821,-0.0154866,0.00659601,0.00447867,Feeding,Shrimp
725,2017-03-27 19:14:00,0.0227346,-0.321456,-0.924024,0.148445,0.00895598,0.00992397,0.00385467,Feeding,Shrimp
726,2017-03-27 19:14:00,0.015336,-0.322499,-0.923712,0.148653,-0.00170135,-0.005988,0.00764666,Feeding,Shrimp
727,2017-03-27 19:14:00,0.0335347,-0.3238,-0.923452,0.148913,-0.0239,-0.006248,0.00338667,Feeding,Shrimp
728,2017-03-27 19:14:00,0.024876,-0.324841,-0.923244,0.149173,-0.0149587,0.00914398,-0.000773329,Feeding,Shrimp
729,2017-03-27 19:14:00,0.0277347,-0.325936,-0.92288,0.149591,-0.009964,0.01658,-0.00119067,Feeding,Shrimp
730,2017-03-27 19:14:00,0.0237853,-0.326875,-0.922516,0.149956,-0.00902533,0.00841602,0.00634398,Feeding,Shrimp
731,2017-03-27 19:14:00,0.0302306,-0.3275,-0.922152,0.150321,-0.0123,0.00415201,0.0137786,Feeding,Shrimp
732,2017-03-27 19:14:00,0.032568,-0.328281,-0.921788,0.150739,-0.0115187,0.007688,0.0133613,Feeding,Shrimp
733,2017-03-27 19:14:00,0.0350575,-0.329011,-0.921476,0.151208,-0.0147894,0.00737607,0.0128921,Feeding,Shrimp
734,2017-03-27 19:14:00,0.0686958,-0.329844,-0.921112,0.151572,-0.025656,0.0188119,0.024228,Feeding,Shrimp
735,2017-03-27 19:14:00,0.0397345,-0.330573,-0.920696,0.151988,-0.0210266,0.00269596,0.016012,Feeding,Shrimp
736,2017-03-27 19:14:00,0.0101653,-0.331303,-0.92028,0.152352,-0.000697316,-0.00551995,0.003948,Feeding,Shrimp
737,2017-03-27 19:14:00,0.017388,-0.332136,-0.919864,0.152612,0.00403597,0.00966402,0.003688,Feeding,Shrimp
738,2017-03-27 19:14:00,0.0353586,-0.332969,-0.919448,0.15282,-0.0108307,0.021048,0.00348,Feeding,Shrimp
739,2017-03-27 19:14:00,0.00640132,-0.333855,-0.919032,0.152976,-0.00204532,0.00103199,0.00332401,Feeding,Shrimp
740,2017-03-27 19:14:00,0.0289,-0.33474,-0.918512,0.153028,0.00664,-0.011188,0.011072,Feeding,Shrimp
741,2017-03-27 19:14:00,0.0306986,-0.335313,-0.918408,0.15308,-0.00058665,-0.015192,0.01492,Feeding,Shrimp
742,2017-03-27 19:14:00,0.0299667,-0.336511,-0.917627,0.153496,-0.00728931,-0.0120733,0.010604,Feeding,Shrimp
743,2017-03-27 19:14:00,0.0129947,-0.337657,-0.917211,0.153652,0.00175731,-0.00468936,0.00654801,Feeding,Shrimp
744,2017-03-27 19:14:00,0.00746522,-0.338075,-0.916795,0.153704,0.00217461,0.00269463,0.00259597,Feeding,Shrimp
745,2017-03-27 19:14:00,0.00817733,-0.338804,-0.916379,0.15386,-0.00499596,-0.00162136,-0.00156,Feeding,Shrimp
746,2017-03-27 19:14:00,0.00755595,-0.339741,-0.916015,0.153912,-5.86587e-05,-0.00588532,-0.00161198,Feeding,Shrimp
747,2017-03-27 19:14:00,0.00572135,-0.340627,-0.915389,0.154016,0.000826674,-0.00261067,0.002284,Feeding,Shrimp
748,2017-03-27 19:14:00,0.00676277,-0.341304,-0.914921,0.15412,0.00150407,-0.0030787,0.00218,Feeding,Shrimp
749,2017-03-27 19:14:00,0.0312027,-0.342137,-0.914505,0.154329,0.0179373,-0.0112947,0.0019707,Feeding,Shrimp
750,2017-03-27 19:14:01,0.0320359,-0.342763,-0.914088,0.154539,0.00686263,-0.011712,0.0134613,Feeding,Shrimp
751,2017-03-27 19:14:01,0.0329948,-0.343232,-0.913723,0.154696,-0.0161681,0.0074227,0.00940401,Feeding,Shrimp
752,2017-03-27 19:14:01,0.165221,-0.343753,-0.913567,0.154592,-0.101547,0.0463667,0.017308,Feeding,Shrimp
753,2017-03-27 19:14:01,0.0603506,-0.344223,-0.913463,0.154435,0.0278226,0.0189627,0.0135653,Feeding,Shrimp
754,2017-03-27 19:14:01,0.0308546,-0.34464,-0.913359,0.154173,0.02044,-0.00464129,-0.00577329,Feeding,Shrimp
755,2017-03-27 19:14:01,0.0312187,-0.344953,-0.913203,0.154068,0.0168534,-0.0125973,-0.00176801,Feeding,Shrimp
756,2017-03-27 19:14:01,0.0277867,-0.345371,-0.913047,0.153963,0.0172707,-0.00495337,-0.00556265,Feeding,Shrimp
757,2017-03-27 19:14:01,0.0174399,-0.345684,-0.912839,0.153805,0.0136839,-0.00126133,0.00249467,Feeding,Shrimp
758,2017-03-27 19:14:01,0.00600534,-0.345997,-0.913204,0.153388,0.00219732,-0.000896002,0.00291203,Feeding,Shrimp
759,2017-03-27 19:14:01,0.00930533,-0.346259,-0.9131,0.153336,-0.00144132,-0.00099998,0.00686402,Feeding,Shrimp
760,2017-03-27 19:14:01,0.0146893,-0.346936,-0.913361,0.153336,-0.000763992,0.00316133,0.010764,Feeding,Shrimp
761,2017-03-27 19:14:01,0.010372,-0.347457,-0.913465,0.153336,-0.000242647,0.00326533,0.00686397,Feeding,Shrimp
762,2017-03-27 19:14:01,0.008012,-0.347719,-0.913361,0.153232,0.00391867,0.00316132,-0.000931999,Feeding,Shrimp
763,2017-03-27 19:14:01,0.00616269,-0.348344,-0.913309,0.153128,0.00454401,-0.000790674,-0.000828004,Feeding,Shrimp
764,2017-03-27 19:14:01,0.0184827,-0.348813,-0.913049,0.152919,0.00901334,-0.00495067,-0.00451866,Feeding,Shrimp
765,2017-03-27 19:14:01,0.0188467,-0.349021,-0.912841,0.152867,0.00922134,-0.00905867,-0.000566667,Feeding,Shrimp
766,2017-03-27 19:14:01,0.0181827,-0.349387,-0.912737,0.152867,0.00558668,-0.00916267,0.00343333,Feeding,Shrimp
767,2017-03-27 19:14:01,0.0147,-0.349804,-0.912789,0.152815,0.00210402,-0.00521068,0.00738533,Feeding,Shrimp
768,2017-03-27 19:14:01,0.0232307,-0.350221,-0.912685,0.152605,0.00642133,-0.00531467,0.0114947,Feeding,Shrimp
769,2017-03-27 19:14:01,0.0143919,-0.350587,-0.912529,0.152292,-0.0010133,-0.00547067,0.00790797,Feeding,Shrimp
770,2017-03-27 19:14:01,0.0130439,-0.350952,-0.912477,0.152031,0.00325195,-0.00552264,0.00426926,Feeding,Shrimp
771,2017-03-27 19:14:01,0.01318,-0.351264,-0.912425,0.151769,-0.00423599,-0.00167467,-0.00726931,Feeding,Shrimp
772,2017-03-27 19:14:01,0.00865335,-0.35142,-0.912479,0.151352,-0.00407999,-0.00162134,-0.00295202,Feeding,Shrimp
773,2017-03-27 19:14:01,0.012344,-0.351576,-0.912323,0.151143,-0.00392399,-0.00177732,-0.00664267,Feeding,Shrimp
774,2017-03-27 19:14:01,0.012012,-0.352045,-0.912063,0.151195,-0.00345466,0.00186266,-0.00669468,Feeding,Shrimp
775,2017-03-27 19:14:02,0.0153907,-0.352567,-0.912011,0.151247,-0.00293334,0.00181067,-0.0106467,Feeding,Shrimp
776,2017-03-27 19:14:02,0.0229307,-0.352879,-0.912011,0.151299,-0.0104213,0.00571066,-0.00679867,Feeding,Shrimp
777,2017-03-27 19:14:02,0.02246,-0.353192,-0.911801,0.151351,-0.010108,0.00550133,-0.00685067,Feeding,Shrimp
778,2017-03-27 19:14:02,0.0177267,-0.353609,-0.911489,0.151247,-0.00579066,0.00128933,-0.0106467,Feeding,Shrimp
779,2017-03-27 19:14:02,0.0638452,-0.353923,-0.911125,0.151143,-0.0366773,0.0205253,-0.00664267,Feeding,Shrimp
780,2017-03-27 19:14:02,0.0241201,-0.354131,-0.91076,0.151091,-0.00526942,0.00446004,-0.0143906,Feeding,Shrimp
781,2017-03-27 19:14:02,0.0254906,-0.354496,-0.910552,0.151143,0.0106959,0.000352012,-0.0144427,Feeding,Shrimp
782,2017-03-27 19:14:02,0.019332,-0.354861,-0.910395,0.151299,-0.000638717,0.00409464,-0.0145987,Feeding,Shrimp
783,2017-03-27 19:14:02,0.0230253,-0.355069,-0.910239,0.151456,-0.00823068,3.8713e-05,-0.014756,Feeding,Shrimp
784,2017-03-27 19:14:02,0.0267133,-0.355331,-0.910083,0.151561,-0.0118693,0.00778264,-0.00706133,Feeding,Shrimp
785,2017-03-27 19:14:02,0.0185,-0.35554,-0.909927,0.151613,-0.00776001,0.00362666,-0.00711328,Feeding,Shrimp
786,2017-03-27 19:14:02,0.019608,-0.355749,-0.909823,0.151665,-0.0114506,0.00352268,0.00463467,Feeding,Shrimp
787,2017-03-27 19:14:02,0.01246,-0.356115,-0.909615,0.151769,0.000614673,0.00731466,0.00453067,Feeding,Shrimp
788,2017-03-27 19:14:02,0.0124093,-0.356324,-0.909407,0.151821,0.000824,0.00710665,0.00447864,Feeding,Shrimp
789,2017-03-27 19:14:02,0.0151427,-0.35622,-0.909511,0.151873,-0.00317999,-0.000689337,-0.0112733,Feeding,Shrimp
790,2017-03-27 19:14:02,0.0119187,-0.354971,-0.910084,0.151873,-0.000529331,-0.004016,-0.00737333,Feeding,Shrimp
791,2017-03-27 19:14:02,0.00757866,-0.35544,-0.910293,0.151925,-5.99975e-05,9.33264e-05,-0.00742533,Feeding,Shrimp
792,2017-03-27 19:14:02,0.00422531,-0.355805,-0.910189,0.152291,0.00420533,-1.06674e-05,9.31573e-06,Feeding,Shrimp
793,2017-03-27 19:14:02,0.00894132,-0.356119,-0.909981,0.152604,0.00451867,-0.00411865,-0.000303999,Feeding,Shrimp
794,2017-03-27 19:14:02,0.00977597,-0.35638,-0.909825,0.153021,0.00477997,-0.00427467,-0.000721332,Feeding,Shrimp
795,2017-03-27 19:14:02,0.00644939,-0.356589,-0.909773,0.153333,0.00108933,-0.00432667,-0.00103338,Feeding,Shrimp
796,2017-03-27 19:14:02,0.0146134,-0.356589,-0.909721,0.153645,0.00108933,-0.00437867,-0.00914535,Feeding,Shrimp
797,2017-03-27 19:14:02,0.01872,-0.356484,-0.909617,0.153853,0.000984001,-0.00448267,-0.0132533,Feeding,Shrimp
798,2017-03-27 19:14:02,0.018928,-0.356432,-0.909565,0.154061,0.000932001,-0.00453465,-0.0134613,Feeding,Shrimp
799,2017-03-27 19:14:02,0.011336,-0.35638,-0.909565,0.154321,0.00087999,-0.000634667,-0.00982133,Feeding,Shrimp
800,2017-03-27 19:14:03,0.0138427,-0.356327,-0.909565,0.154635,-0.00307333,-0.000634667,-0.0101347,Feeding,Shrimp
801,2017-03-27 19:14:03,0.01816,-0.356327,-0.909513,0.155,-0.00307334,-0.000686671,-0.0144,Feeding,Shrimp
802,2017-03-27 19:14:03,0.018628,-0.35638,-0.909409,0.155417,-0.00692,-0.00469067,-0.00701733,Feeding,Shrimp
803,2017-03-27 19:14:03,0.0211547,-0.356433,-0.909253,0.155835,-0.0107667,0.00295333,-0.00743467,Feeding,Shrimp
804,2017-03-27 19:14:03,0.023516,-0.356433,-0.909149,0.156199,-0.0107667,-0.00105066,-0.0116987,Feeding,Shrimp
805,2017-03-27 19:14:03,0.029528,-0.356328,-0.909097,0.156459,-0.010872,0.00279732,-0.0158587,Feeding,Shrimp
806,2017-03-27 19:14:03,0.0297373,-0.356275,-0.909045,0.156667,-0.0109253,0.00274533,-0.0160667,Feeding,Shrimp
807,2017-03-27 19:14:03,0.02482,-0.356065,-0.908993,0.156979,-0.0111347,-0.00120667,-0.0124787,Feeding,Shrimp
808,2017-03-27 19:14:03,0.0252373,-0.35596,-0.908941,0.157239,-0.01124,-0.00125864,-0.0127387,Feeding,Shrimp
809,2017-03-27 19:14:03,0.0272986,-0.355751,-0.908941,0.157708,-0.0114493,0.00264133,-0.013208,Feeding,Shrimp
810,2017-03-27 19:14:03,0.0162253,-0.355489,-0.908941,0.158073,-0.00781068,0.00264133,-0.0057733,Feeding,Shrimp
811,2017-03-27 19:14:03,0.0163227,-0.355228,-0.908941,0.158491,-0.011972,0.00264133,0.00170933,Feeding,Shrimp
812,2017-03-27 19:14:03,0.0163227,-0.354915,-0.909045,0.158908,-0.0122853,0.00274535,0.001292,Feeding,Shrimp
813,2017-03-27 19:14:03,0.0240666,-0.354653,-0.909149,0.159429,-0.0125467,0.0107493,0.000770666,Feeding,Shrimp
814,2017-03-27 19:14:03,0.0124187,-0.354184,-0.909305,0.160003,-0.005216,0.00700533,0.000197331,Feeding,Shrimp
815,2017-03-27 19:14:03,0.0131747,-0.353663,-0.909409,0.160628,-0.00573733,0.00310934,-0.004328,Feeding,Shrimp
816,2017-03-27 19:14:03,0.0105773,-0.353141,-0.909461,0.161357,-0.00625867,0.00316133,-0.00115734,Feeding,Shrimp
817,2017-03-27 19:14:03,0.0164533,-0.352204,-0.909723,0.162035,-0.007196,0.00742266,-0.00183467,Feeding,Shrimp
818,2017-03-27 19:14:03,0.016324,-0.351735,-0.909775,0.162816,-0.0115653,0.00347468,0.00128399,Feeding,Shrimp
819,2017-03-27 19:14:03,0.0237559,-0.351473,-0.909775,0.163545,-0.0118266,0.00747464,0.00445464,Feeding,Shrimp
820,2017-03-27 19:14:03,0.0120453,-0.351056,-0.909879,0.164223,-0.008344,0.00357864,-0.000122693,Feeding,Shrimp
821,2017-03-27 19:14:03,0.0139386,-0.350483,-0.909931,0.164952,-0.00891731,-0.00026931,-0.004752,Feeding,Shrimp
822,2017-03-27 19:14:03,0.014912,-0.349805,-0.910192,0.165525,-0.00569467,0.00389198,-0.00532533,Feeding,Shrimp
823,2017-03-27 19:14:03,0.0124186,-0.34918,-0.9104,0.166099,-0.00631999,0.000200001,-0.00589865,Feeding,Shrimp
824,2017-03-27 19:14:03,0.00607598,-0.348451,-0.91066,0.166567,-0.00314934,0.000460001,-0.00246664,Feeding,Shrimp
825,2017-03-27 19:14:04,0.00930932,-0.347825,-0.910921,0.167087,-0.00377467,0.000721327,0.00481333,Feeding,Shrimp
826,2017-03-27 19:14:04,0.00771067,-0.3472,-0.911183,0.167607,-0.0044,-0.00291733,0.000393337,Feeding,Shrimp
827,2017-03-27 19:14:04,0.00978,-0.346471,-0.911339,0.168388,-0.00512934,0.00113867,0.003512,Feeding,Shrimp
828,2017-03-27 19:14:04,0.009936,-0.345793,-0.911495,0.169065,-0.00580667,0.00129467,0.00283467,Feeding,Shrimp
829,2017-03-27 19:14:04,0.014044,-0.345116,-0.911703,0.169743,-0.006484,0.00150267,0.00605733,Feeding,Shrimp
830,2017-03-27 19:14:04,0.014408,-0.344387,-0.911911,0.170316,-0.00721334,0.00171067,0.005484,Feeding,Shrimp
831,2017-03-27 19:14:04,0.01862,-0.343657,-0.912119,0.170941,-0.00404268,0.00581865,0.00875865,Feeding,Shrimp
832,2017-03-27 19:14:04,0.015032,-0.342876,-0.912327,0.171619,-0.00482397,0.00212667,0.00808133,Feeding,Shrimp
833,2017-03-27 19:14:04,0.011392,-0.342043,-0.912483,0.172348,-0.00175731,0.00228269,0.00735197,Feeding,Shrimp
834,2017-03-27 19:14:04,0.0103147,-0.341105,-0.912691,0.173181,0.00130531,0.00639067,0.00261869,Feeding,Shrimp
835,2017-03-27 19:14:04,0.015916,-0.340168,-0.912951,0.174067,-0.003632,0.00665065,0.00563333,Feeding,Shrimp
836,2017-03-27 19:14:04,0.0125893,-0.339073,-0.913211,0.174848,-0.00472666,0.00301067,0.00485199,Feeding,Shrimp
837,2017-03-27 19:14:04,0.00536669,-0.337979,-0.913575,0.175629,-0.00182135,0.00337467,0.000170675,Feeding,Shrimp
838,2017-03-27 19:14:04,0.014048,-0.33678,-0.913991,0.176463,-0.00702,0.00379067,0.00323733,Feeding,Shrimp
839,2017-03-27 19:14:04,0.0149853,-0.335425,-0.914459,0.177348,-0.00837467,0.00425867,0.002352,Feeding,Shrimp
840,2017-03-27 19:14:04,0.0196653,-0.334071,-0.914823,0.178287,-0.00972934,0.00462267,0.00531333,Feeding,Shrimp
841,2017-03-27 19:14:04,0.0164933,-0.332612,-0.915291,0.179485,-0.011188,0.00119067,0.00411467,Feeding,Shrimp
842,2017-03-27 19:14:04,0.0114973,-0.331101,-0.915603,0.180996,-0.00869868,0.00150267,-0.00129599,Feeding,Shrimp
843,2017-03-27 19:14:04,0.015196,-0.329591,-0.915915,0.182872,-0.0102093,0.00181467,-0.003172,Feeding,Shrimp
844,2017-03-27 19:14:04,0.0112508,-0.328132,-0.916175,0.185008,-0.00776803,0.00207467,-0.00140806,Feeding,Shrimp
845,2017-03-27 19:14:04,0.0267533,-0.326777,-0.916383,0.187248,-0.0130227,0.00228267,-0.011448,Feeding,Shrimp
846,2017-03-27 19:14:04,0.026656,-0.325319,-0.916539,0.189436,-0.0144813,0.00243867,-0.00973602,Feeding,Shrimp
847,2017-03-27 19:14:04,0.0304067,-0.323704,-0.916747,0.191364,-0.012196,0.00264667,-0.015564,Feeding,Shrimp
848,2017-03-27 19:14:04,0.033792,-0.322193,-0.917007,0.192979,-0.0137067,0.00290665,-0.0171787,Feeding,Shrimp
849,2017-03-27 19:14:04,0.0303227,-0.320631,-0.917319,0.194072,-0.0113694,-0.000681331,-0.018272,Feeding,Shrimp
850,2017-03-27 19:14:05,0.0324586,-0.319016,-0.917579,0.194853,-0.016884,-0.000421331,-0.0151533,Feeding,Shrimp
851,2017-03-27 19:14:05,0.018732,-0.317401,-0.917944,0.195477,-0.0106987,-5.59937e-05,-0.00797732,Feeding,Shrimp
852,2017-03-27 19:14:05,0.016492,-0.316203,-0.918205,0.195789,-0.00799734,0.00410534,-0.00438932,Feeding,Shrimp
853,2017-03-27 19:14:05,0.00968001,-0.315213,-0.918257,0.195736,-0.00508668,0.00415734,-0.000435994,Feeding,Shrimp
854,2017-03-27 19:14:05,0.0140627,-0.314484,-0.918361,0.195215,-0.00581601,0.00816133,8.53423e-05,Feeding,Shrimp
855,2017-03-27 19:14:05,0.0197867,-0.313807,-0.918623,0.194329,-0.0103933,0.00842267,0.000970675,Feeding,Shrimp
856,2017-03-27 19:14:05,0.021432,-0.313233,-0.918883,0.193183,-0.0109667,0.00868267,-0.00178264,Feeding,Shrimp
857,2017-03-27 19:14:05,0.0210159,-0.312608,-0.919196,0.191828,-0.011592,0.005096,-0.00432796,Feeding,Shrimp
858,2017-03-27 19:14:05,0.0148079,-0.311983,-0.919508,0.190317,-0.00831732,0.00540795,0.00108265,Feeding,Shrimp
859,2017-03-27 19:14:05,0.00837733,-0.311357,-0.919768,0.188703,-0.00504267,-0.002132,-0.00120266,Feeding,Shrimp
860,2017-03-27 19:14:05,0.00805603,-0.310628,-0.920132,0.186984,-0.00577199,-0.00176801,0.000516026,Feeding,Shrimp
861,2017-03-27 19:14:05,0.014092,-0.309899,-0.920444,0.185265,-0.00260133,-0.00535598,0.00613469,Feeding,Shrimp
862,2017-03-27 19:14:05,0.013572,-0.309169,-0.920808,0.183389,0.000569326,-0.001092,0.0119107,Feeding,Shrimp
863,2017-03-27 19:14:05,0.0148307,-0.308388,-0.921224,0.181357,-0.000212002,-0.000675998,0.0139427,Feeding,Shrimp
864,2017-03-27 19:14:05,0.022988,-0.307555,-0.921432,0.179535,0.00285466,-0.000468,0.0196653,Feeding,Shrimp
865,2017-03-27 19:14:05,0.0237693,-0.306721,-0.921692,0.17766,0.00202133,-0.004108,0.01764,Feeding,Shrimp
866,2017-03-27 19:14:05,0.024604,-0.305888,-0.921952,0.175732,0.00118799,-0.003848,0.019568,Feeding,Shrimp
867,2017-03-27 19:14:05,0.0333426,-0.305107,-0.922264,0.1737,0.00820664,-0.003536,0.0216,Feeding,Shrimp
868,2017-03-27 19:14:05,0.0421853,-0.304429,-0.922628,0.171616,0.00752933,-0.00707199,0.027584,Feeding,Shrimp
869,2017-03-27 19:14:05,0.051028,-0.303804,-0.923044,0.169532,0.010804,-0.00665597,0.033568,Feeding,Shrimp
870,2017-03-27 19:14:05,0.0520174,-0.303335,-0.92346,0.167657,0.0103347,-0.00234002,0.0393427,Feeding,Shrimp
871,2017-03-27 19:14:05,0.0644987,-0.302969,-0.923876,0.166095,0.0177693,-0.00582402,0.0409053,Feeding,Shrimp
872,2017-03-27 19:14:05,0.0689213,-0.302709,-0.924344,0.164844,0.0175094,-0.009256,0.042156,Feeding,Shrimp
873,2017-03-27 19:14:05,0.0733894,-0.302604,-0.924708,0.163907,0.029204,-0.00889201,0.0352934,Feeding,Shrimp
874,2017-03-27 19:14:05,0.0818667,-0.302656,-0.924916,0.163073,0.029256,-0.012584,0.0400267,Feeding,Shrimp
